Aircraft,Accidents,Fatal_Accidents,Fatalities,Fatal_Rate,Risk_Score
MCDONNELL DOUGLAS DC-9,5,0,0,0.0,0.0008453085376162301
DOUGLAS DC-8-71,5,0,0,0.0,0.0008453085376162301
BOEING 737-130,6,0,0,0.0,0.0010143702451394759
DOUGLAS DC-9-51,7,0,0,0.0,0.001183431952662722
MCDONNELL DOUGLAS DC-10-40,7,0,0,0.0,0.001183431952662722
BOEING 747-123,7,0,0,0.0,0.001183431952662722
AIRBUS INDUSTRIE A300-600,8,0,0,0.0,0.001352493660185968
BOEING 727-231,9,1,4,0.1111111111111111,0.06818822203437588
MCDONNELL DOUGLAS DC-10,8,1,0,0.125,0.07635249366018597
BOEING 737-3B7,7,1,0,0.14285714285714285,0.08689771766694843
BOEING 747-100,6,1,0,0.16666666666666666,0.10101437024513947
BOEING 737-522,6,1,0,0.16666666666666666,0.10101437024513947
BOEING 767-222,6,1,0,0.16666666666666666,0.10101437024513947
BOEING 767-323,5,1,0,0.2,0.12084530853761623
DE HAVILLAND DHC-7-102,5,1,0,0.2,0.12084530853761623
MCDONNELL DOUGLAS DC-9-30,5,1,0,0.2,0.12084530853761623
AIRBUS A300,10,2,0,0.2,0.12169061707523246
BOEING 727-225A,9,2,0,0.2222222222222222,0.13485488870104254
BOEING 747-300,8,2,229,0.25,0.15135249366018597
BOEING 727-100,12,3,0,0.25,0.15202874049027895
BOEING 727-251,7,2,8,0.2857142857142857,0.1726120033812341
BOEING 727-225,14,4,29,0.2857142857142857,0.17379543533389685
DE HAVILLAND DHC-8-102,10,3,0,0.3,0.18169061707523246
MCDONNELL DOUGLAS MD-83,22,7,57,0.3181818181818182,0.1946284484746023
BOEING 767-300ER,6,2,0,0.3333333333333333,0.20101437024513946
BOEING 767-232,6,2,0,0.3333333333333333,0.20101437024513946
"BOMBARDIER, INC. CL-600-2B19",6,2,0,0.3333333333333333,0.20101437024513946
BOEING 727-227,9,3,1,0.3333333333333333,0.2015215553677092
MCDONNELL DOUGLAS DC-10-10,36,12,111,0.3333333333333333,0.20608622147083683
MCDONNELL DOUGLAS MD-82,28,10,36,0.35714285714285715,0.21901944209636517
BOEING 727-232,19,7,14,0.3684210526315789,0.22426480402188903
MCDONNELL DOUGLAS DC-9-83,8,3,0,0.375,0.22635249366018595
BOEING 727-222,8,3,0,0.375,0.22635249366018595
CANADAIR CL-600-2B19,16,6,3,0.375,0.22770498732037192
BOEING 737-322,13,5,0,0.38461538461538464,0.23296703296703297
AIRBUS A320,85,31,283,0.36470588235294116,0.2331937745512406
BOEING 727-223,18,7,141,0.3888888888888889,0.23637644406875177
MCDONNELL DOUGLAS DC-9-82,31,12,158,0.3870967741935484,0.23749897744934964
BOEING 767-322,5,2,0,0.4,0.2408453085376162
AGUSTAWESTLAND AW139,5,2,0,0.4,0.2408453085376162
GRUMMAN G-73,5,2,1,0.4,0.2408453085376162
BOEING 727-233,5,2,0,0.4,0.2408453085376162
AIRBUS INDUSTRIE A319-111,5,2,0,0.4,0.2408453085376162
BOMBARDIER INC CL600 2D24,5,2,0,0.4,0.2408453085376162
EMBRAER 120,5,2,14,0.4,0.2408453085376162
EMBRAER EMB120,5,2,2,0.4,0.2408453085376162
BOEING 727-247,5,2,0,0.4,0.2408453085376162
LOCKHEED L-1011-385-1,15,6,135,0.4,0.24253592561284867
EMBRAER ERJ190,19,8,42,0.42105263157894735,0.25584375139031007
THE BOEING COMPANY BOEING 737-8AS,7,3,0,0.42857142857142855,0.25832628909551986
BOEING 737-232,7,3,1,0.42857142857142855,0.25832628909551986
ATR ATR42,7,3,0,0.42857142857142855,0.25832628909551986
LOCKHEED L-1011,14,6,1,0.42857142857142855,0.25950972104818254
BOEING 737-400,30,13,165,0.43333333333333335,0.2650718512256974
MCDONNELL DOUGLAS MD-80,16,7,0,0.4375,0.26520498732037195
MCDONNELL DOUGLAS MD80,9,4,0,0.4444444444444444,0.26818822203437587
AIRBUS INDUSTRIE A320-211,9,4,150,0.4444444444444444,0.26818822203437587
AIRBUS INDUSTRIE A320,9,4,230,0.4444444444444444,0.26818822203437587
BOEING 747-200,18,8,210,0.4444444444444444,0.26970977740208507
BOEING 717-200,20,9,0,0.45,0.27338123415046495
AIRBUS INDUSTRIE A320-232,11,5,0,0.45454545454545453,0.27458695151002843
SHORT BROTHERS SD3-60,11,5,0,0.45454545454545453,0.27458695151002843
BOEING 737-222,15,7,78,0.4666666666666667,0.2825359256128487
MCDONNELL DOUGLAS DC-9-51,17,8,4,0.47058823529411764,0.28522699020436576
AIRBUS A330,34,16,331,0.47058823529411764,0.28810103923226094
MCDONNELL DOUGLAS MD-11,39,19,5,0.48717948717948717,0.29890109890109884
MCDONNELL DOUGLAS DC-9-14,6,3,88,0.5,0.30101437024513944
DE HAVILLAND DHC-6-100,6,3,6,0.5,0.30101437024513944
FAIRCHILD SA227,6,3,1,0.5,0.30101437024513944
BOEING 777-200,6,3,0,0.5,0.30101437024513944
BOEING 737-524,8,4,1,0.5,0.30135249366018596
EMBRAER EMB-120ER,8,4,0,0.5,0.30135249366018596
BOEING 737-291,8,4,25,0.5,0.30135249366018596
BOEING 747-121,8,4,270,0.5,0.30135249366018596
BOEING 737-824,8,4,0,0.5,0.30135249366018596
EMBRAER EMB-110P1,12,6,17,0.5,0.30202874049027895
BOEING 727-224,14,7,131,0.5,0.3023668639053254
AIRBUS A319,16,8,0,0.5,0.30270498732037193
MCDONNELL DOUGLAS DC-9-32,18,9,262,0.5,0.3030431107354184
DOUGLAS DC-9-31,18,9,60,0.5,0.3030431107354184
BOEING 787,26,13,0,0.5,0.30439560439560437
BOEING 747,85,42,6,0.49411764705882355,0.31084083337477003
BOEING 777,95,47,0,0.49473684210526314,0.3129029674778662
SAAB 340,13,7,21,0.5384615384615384,0.32527472527472523
BOEING 727-200,43,23,52,0.5348837209302325,0.3281998859816391
MCDONNELL DOUGLAS DC-10-30,24,13,20,0.5416666666666666,0.32905748098055787
BOEING 747-200F,11,6,9,0.5454545454545454,0.32913240605548294
BOEING 757-251,11,6,0,0.5454545454545454,0.32913240605548294
BOEING 737-800,33,18,154,0.5454545454545454,0.33285176362099433
AIRBUS A321,20,11,381,0.55,0.33338123415046494
SWEARINGEN SA227-AC,9,5,0,0.5555555555555556,0.3348548887010425
BOEING 757,59,32,44,0.5423728813559322,0.3353983695574308
BOEING 787-9,7,4,0,0.5714285714285714,0.34404057480980554
BOEING B737-400,7,4,23,0.5714285714285714,0.34404057480980554
BOEING 737-201,7,4,0,0.5714285714285714,0.34404057480980554
BOEING 737-2H4,7,4,0,0.5714285714285714,0.34404057480980554
DOUGLAS DC-8-63,7,4,263,0.5714285714285714,0.34404057480980554
BOMBARDIER CL600 2C10,7,4,0,0.5714285714285714,0.34404057480980554
BOEING 767-200,7,4,0,0.5714285714285714,0.34404057480980554
BOEING 737-700,14,8,1,0.5714285714285714,0.3452240067624682
SAAB-SCANIA AB (SAAB) 340B,14,8,0,0.5714285714285714,0.3452240067624682
BEECH 1900D,57,32,58,0.5614035087719298,0.3464786225919829
BOEING 737-200,53,30,906,0.5660377358490566,0.348582912008166
BOEING 737-300,51,29,167,0.5686274509803921,0.3497986176719208
BOEING 737-500,12,7,102,0.5833333333333334,0.352028740490279
BOEING 727,27,16,82,0.5925925925925926,0.3601202216586832
AIRBUS INDUSTRIE A-320-231,5,3,0,0.6,0.3608453085376162
BELL 204,5,3,1,0.6,0.3608453085376162
BOMBARDIER CL-600,5,3,0,0.6,0.3608453085376162
GRUMMAN G-73T,5,3,22,0.6,0.3608453085376162
BOEING 767-332ER,5,3,0,0.6,0.3608453085376162
DE HAVILLAND DHC6,5,3,0,0.6,0.3608453085376162
AIRBUS A220,5,3,0,0.6,0.3608453085376162
DOUGLAS DC-9-30,5,3,0,0.6,0.3608453085376162
DOUGLAS DC-8-61,5,3,5,0.6,0.3608453085376162
TAYLORCRAFT AVIATION CORP F19,5,3,0,0.6,0.3608453085376162
SAAB-SCANIA AB (SAAB) 340A,10,6,1,0.6,0.3616906170752324
AEROSPATIALE ATR-42-300,15,9,1,0.6,0.3625359256128487
MCDONNELL DOUGLAS MD-88,21,13,2,0.6190476190476191,0.3749788672865596
CANADAIR CL-600,8,5,2,0.625,0.37635249366018597
AEROSPATIALE ATR-72-212,8,5,0,0.625,0.37635249366018597
BOEING B737-300,8,5,121,0.625,0.37635249366018597
FAIRCHILD SA-227AC,8,5,9,0.625,0.37635249366018597
BOEING 737,489,240,1348,0.49079754601226994,0.3771497025862292
BOEING 747-400,29,18,83,0.6206896551724138,0.37731658262162243
DOUGLAS DC-9-32,16,10,134,0.625,0.37770498732037194
MCDONNELL DOUGLAS DC-9-31,17,11,109,0.6470588235294118,0.39110934314554224
BOEING 767,68,44,128,0.6470588235294118,0.39973149022922777
FAIRCHILD SA-227,6,4,2,0.6666666666666666,0.4010143702451394
DE HAVILLAND DHC-8,6,4,0,0.6666666666666666,0.4010143702451394
BOEING 747-136,6,4,0,0.6666666666666666,0.4010143702451394
BOEING 737-832,6,4,0,0.6666666666666666,0.4010143702451394
EMBRAER EMB-135LR,6,4,0,0.6666666666666666,0.4010143702451394
MCDONNELL DOUGLAS DC-10-30F,6,4,56,0.6666666666666666,0.4010143702451394
PIPER PA34-200T,6,4,6,0.6666666666666666,0.4010143702451394
SWEARINGEN SA-226-TC,6,4,4,0.6666666666666666,0.4010143702451394
BOEING 707-323C,6,4,0,0.6666666666666666,0.4010143702451394
FOKKER F28 MK 0100,6,4,0,0.6666666666666666,0.4010143702451394
BOEING 747-122,9,6,10,0.6666666666666666,0.40152155536770917
ATR ATR72,9,6,0,0.6666666666666666,0.40152155536770917
BELL 222UT,12,8,9,0.6666666666666666,0.4020287404902789
BOEING 767-300,15,10,0,0.6666666666666666,0.4025359256128487
SWEARINGEN SA226TC,33,22,4,0.6666666666666666,0.4055790363482671
BEECH 1900C,39,26,65,0.6666666666666666,0.40659340659340654
SIKORSKY S92,13,9,7,0.6923076923076923,0.41758241758241754
BEECH 1900,23,16,62,0.6956521739130435,0.42127972362086075
BOEING 737-3H4,10,7,0,0.7,0.4216906170752324
MCDONNELL DOUGLAS DC-9-15,7,5,3,0.7142857142857143,0.4297548605240913
EUROCOPTER AS 350 BA,7,5,9,0.7142857142857143,0.4297548605240913
PIPER PA-44,7,5,0,0.7142857142857143,0.4297548605240913
CESSNA F172,7,5,5,0.7142857142857143,0.4297548605240913
ROBINSON R-22 BETA II,7,5,1,0.7142857142857143,0.4297548605240913
FAIRCHILD SA-227-AC,7,5,34,0.7142857142857143,0.4297548605240913
BEECH BE-99,7,5,2,0.7142857142857143,0.4297548605240913
EMBRAER EMB-120,7,5,2,0.7142857142857143,0.4297548605240913
BEECH E90,14,10,15,0.7142857142857143,0.43093829247675397
BOEING 757-200,21,15,254,0.7142857142857143,0.4321217244294167
BOEING 757-222,21,15,1,0.7142857142857143,0.4321217244294167
BOMBARDIER CL-600-2B19,11,8,0,0.7272727272727273,0.43822331514639207
BEECH 100,11,8,12,0.7272727272727273,0.43822331514639207
DE HAVILLAND DHC8,11,8,29,0.7272727272727273,0.43822331514639207
BOEING 767-332,11,8,0,0.7272727272727273,0.43822331514639207
MCDONNELL DOUGLAS MD11,15,11,5,0.7333333333333333,0.44253592561284866
PIPER PA31-350,8,6,19,0.75,0.4513524936601859
BOEING MD-82,8,6,403,0.75,0.4513524936601859
MITSUBISHI MU-2B-36,8,6,13,0.75,0.4513524936601859
BOEING 737-823,8,6,0,0.75,0.4513524936601859
SIKORSKY S-76B,8,6,12,0.75,0.4513524936601859
BOEING 747-422,12,9,0,0.75,0.4520287404902789
FAIRCHILD SA227-AC,24,18,14,0.75,0.45405748098055787
BOEING 777-222,9,7,0,0.7777777777777778,0.4681882220343759
BOMBARDIER CL600 2B19,9,7,23,0.7777777777777778,0.4681882220343759
LEARJET 45,9,7,10,0.7777777777777778,0.4681882220343759
CESSNA S550,9,7,7,0.7777777777777778,0.4681882220343759
AEROSPATIALE AS350,18,14,11,0.7777777777777778,0.4697097774020851
BEECH C90A,14,11,4,0.7857142857142857,0.47379543533389684
BEECH C-99,14,11,22,0.7857142857142857,0.47379543533389684
BEECH 99,28,22,16,0.7857142857142857,0.4761622992392223
BOEING 757-232,24,19,0,0.7916666666666666,0.4790574809805579
NORTH AMERICAN NA-265-40,5,4,0,0.8,0.4808453085376162
BEECH 99A,5,4,0,0.8,0.4808453085376162
CAMERON BALLOONS Z-90,5,4,0,0.8,0.4808453085376162
BOEING 777 223,5,4,0,0.8,0.4808453085376162
MAULE MX-7-160,5,4,0,0.8,0.4808453085376162
EUROCOPTER FRANCE EC120B,5,4,4,0.8,0.4808453085376162
GARLICK UH1H,5,4,1,0.8,0.4808453085376162
BOMBARDIER CL600 2D24,5,4,0,0.8,0.4808453085376162
DASSAULT DA-20,5,4,0,0.8,0.4808453085376162
DEHAVILLAND TIGER MOTH DH 82A,5,4,0,0.8,0.4808453085376162
BELL 214ST,5,4,12,0.8,0.4808453085376162
DORNIER 228,5,4,33,0.8,0.4808453085376162
CHRISTEN INDUSTRIES INC A-1,5,4,0,0.8,0.4808453085376162
PIPER PA 32R-301,5,4,3,0.8,0.4808453085376162
MCDONNELL DOUGLAS DC-9-82 (MD-82),5,4,0,0.8,0.4808453085376162
ZENITH STOL CH701,5,4,2,0.8,0.4808453085376162
AEROSPATIALE AS355,5,4,8,0.8,0.4808453085376162
RAYTHEON HAWKER,5,4,7,0.8,0.4808453085376162
ROBINSON HELICOPTER COMPANY R22 MARINER,5,4,0,0.8,0.4808453085376162
SWEARINGEN SA-227-AC,5,4,0,0.8,0.4808453085376162
ROCKWELL INTERNATIONAL 112A,5,4,0,0.8,0.4808453085376162
SWEARINGEN SA-226AT,5,4,0,0.8,0.4808453085376162
SUKHOI SU-31,5,4,3,0.8,0.4808453085376162
SIKORSKY S-76C,5,4,8,0.8,0.4808453085376162
ROCKWELL NA-265-65,5,4,6,0.8,0.4808453085376162
ROCKWELL NA-265-80,5,4,0,0.8,0.4808453085376162
CESSNA C-207,5,4,0,0.8,0.4808453085376162
PIPER PA28RT,5,4,6,0.8,0.4808453085376162
PIPER/CUB CRAFTERS PA-18-150,5,4,1,0.8,0.4808453085376162
SHORT BROTHERS SD3-30,5,4,1,0.8,0.4808453085376162
SIKORSKY S-61N,5,4,13,0.8,0.4808453085376162
YAKOVLEV YAK-55M,5,4,2,0.8,0.4808453085376162
AIRBUS A320-232,5,4,0,0.8,0.4808453085376162
BEECH C99,10,8,21,0.8,0.4816906170752324
BELL HELICOPTER TEXTRON CANADA 407,10,8,5,0.8,0.4816906170752324
CESSNA L-19E,10,8,4,0.8,0.4816906170752324
ISRAEL AIRCRAFT INDUSTRIES 1124,10,8,9,0.8,0.4816906170752324
MCDONNELL DOUGLAS 600N,10,8,0,0.8,0.4816906170752324
BELL 412,35,28,38,0.8,0.48591715976331357
SWEARINGEN SA-226TC,16,13,26,0.8125,0.49020498732037193
BELL 206L3,11,9,3,0.8181818181818182,0.49276876969184663
MCDONNELL DOUGLAS MD-11F,11,9,0,0.8181818181818182,0.49276876969184663
AMERICAN AVIATION AA-1A,11,9,9,0.8181818181818182,0.49276876969184663
CESSNA 402C,107,85,69,0.794392523364486,0.49472511672367886
GLOBE GC1B,6,5,0,0.8333333333333334,0.5010143702451395
CESSNA 750,6,5,5,0.8333333333333334,0.5010143702451395
BELL UH1B,6,5,2,0.8333333333333334,0.5010143702451395
PIPER PA-31-T3,6,5,0,0.8333333333333334,0.5010143702451395
BURKHART GROB G103 TWIN ASTIR,6,5,1,0.8333333333333334,0.5010143702451395
CESSNA 206F,6,5,0,0.8333333333333334,0.5010143702451395
BEECH BE-18,6,5,1,0.8333333333333334,0.5010143702451395
CUB CRAFTERS INC CC18-180,6,5,0,0.8333333333333334,0.5010143702451395
BEECH TC-45J,6,5,2,0.8333333333333334,0.5010143702451395
EMBRAER EMB-110,6,5,14,0.8333333333333334,0.5010143702451395
SMITH MINIPLANE DSA-1,6,5,1,0.8333333333333334,0.5010143702451395
BOEING B737-800,6,5,123,0.8333333333333334,0.5010143702451395
VANS RV10,6,5,5,0.8333333333333334,0.5010143702451395
CESSNA 551,12,10,9,0.8333333333333334,0.5020287404902789
CESSNA 650,18,15,9,0.8333333333333334,0.5030431107354184
BEECH B200,35,29,31,0.8285714285714286,0.5030600169061707
BELL 222,19,16,15,0.8421052631578947,0.5084753303376784
BOEING 737-7H4,19,16,0,0.8421052631578947,0.5084753303376784
BEECH A60,13,11,18,0.8461538461538461,0.5098901098901099
ISRAEL AIRCRAFT INDUSTRIES 1124A,13,11,33,0.8461538461538461,0.5098901098901099
PIPER PA-60-600,13,11,11,0.8461538461538461,0.5098901098901099
SWEARINGEN SA-26AT,13,11,4,0.8461538461538461,0.5098901098901099
PIPER PA-60,20,17,10,0.85,0.5133812341504649
AIRBUS A321 231,7,6,0,0.8571428571428571,0.5154691462383769
GRUMMAN AMERICAN AVN. CORP. AA-5,7,6,1,0.8571428571428571,0.5154691462383769
BALLOON WORKS FIREFLY 7-15,7,6,3,0.8571428571428571,0.5154691462383769
DIAMOND DA40,7,6,1,0.8571428571428571,0.5154691462383769
"SMITH, TED AEROSTAR AEROSTAR 601P",7,6,5,0.8571428571428571,0.5154691462383769
AIR TRACTOR INC AT-401,7,6,0,0.8571428571428571,0.5154691462383769
MCDONNELL DOUGLAS MD88,7,6,0,0.8571428571428571,0.5154691462383769
MBB BO-105C,7,6,9,0.8571428571428571,0.5154691462383769
GRUMMAN AMERICAN AVN. CORP. AA-1B,7,6,4,0.8571428571428571,0.5154691462383769
GRUMMAN AMERICAN AVN. CORP. AA-5B,7,6,1,0.8571428571428571,0.5154691462383769
BEECH H-35,7,6,4,0.8571428571428571,0.5154691462383769
CESSNA U-206,7,6,0,0.8571428571428571,0.5154691462383769
SMITH MINIPLANE,7,6,1,0.8571428571428571,0.5154691462383769
AEROSPATIALE SA-341G,7,6,2,0.8571428571428571,0.5154691462383769
BOEING 777-223,7,6,0,0.8571428571428571,0.5154691462383769
CESSNA T310Q,7,6,5,0.8571428571428571,0.5154691462383769
BRITISH AEROSPACE 3101,7,6,7,0.8571428571428571,0.5154691462383769
BELL 230,7,6,0,0.8571428571428571,0.5154691462383769
SCHWEIZER 269D,14,12,4,0.8571428571428571,0.5166525781910397
BOEING 757-223,14,12,0,0.8571428571428571,0.5166525781910397
BELL HELICOPTER TEXTRON 206L-1,14,12,6,0.8571428571428571,0.5166525781910397
EMBRAER EMB-145LR,21,18,0,0.8571428571428571,0.5178360101437024
BEECH H-18,15,13,5,0.8666666666666667,0.5225359256128487
CIRRUS DESIGN CORP. SR20,15,13,14,0.8666666666666667,0.5225359256128487
BELL 430,15,13,15,0.8666666666666667,0.5225359256128487
DOUGLAS DC-3,30,26,39,0.8666666666666667,0.5250718512256974
DE HAVILLAND DHC-6-300,23,20,76,0.8695652173913043,0.5256275497078172
BELL 206-L4,23,20,2,0.8695652173913043,0.5256275497078172
CESSNA 680,8,7,0,0.875,0.526352493660186
NORTH AMERICAN SNJ-4,8,7,5,0.875,0.526352493660186
CESSNA 208A,8,7,3,0.875,0.526352493660186
DIAMOND AIRCRAFT IND INC DA20-C1,8,7,2,0.875,0.526352493660186
RAVEN RX-7,8,7,0,0.875,0.526352493660186
PITTS S1,8,7,2,0.875,0.526352493660186
ENSTROM 280,8,7,1,0.875,0.526352493660186
BEECH J-35,8,7,3,0.875,0.526352493660186
MAULE M4,8,7,0,0.875,0.526352493660186
AIR TRACTOR AT602,8,7,2,0.875,0.526352493660186
MITSUBISHI MU-2B-25,8,7,11,0.875,0.526352493660186
MITSUBISHI MU-2B,8,7,8,0.875,0.526352493660186
AIR TRACTOR AT401,8,7,0,0.875,0.526352493660186
BOEING 737-8H4,8,7,0,0.875,0.526352493660186
BEECH 18,8,7,0,0.875,0.526352493660186
BELL 222U,8,7,3,0.875,0.526352493660186
CONVAIR 440,8,7,2,0.875,0.526352493660186
BEECH C-45G,8,7,5,0.875,0.526352493660186
BELL 206 L-1,8,7,5,0.875,0.526352493660186
LEARJET 35,16,14,12,0.875,0.527704987320372
CESSNA 525,39,34,37,0.8717948717948718,0.5296703296703297
BEECH 200,86,74,126,0.8604651162790697,0.530818376614441
AEROSPATIALE AS-350D,17,15,13,0.8823529411764706,0.5322858137337776
CESSNA T210R,17,15,7,0.8823529411764706,0.5322858137337776
CESSNA 560,33,29,27,0.8787878787878788,0.5328517636209943
MBB BO-105,9,8,12,0.8888888888888888,0.5348548887010426
DOUGLAS DC-6B,9,8,27,0.8888888888888888,0.5348548887010426
RANS S6,9,8,6,0.8888888888888888,0.5348548887010426
LET L-23 SUPER BLANIK,9,8,0,0.8888888888888888,0.5348548887010426
BEECH B-35,9,8,8,0.8888888888888888,0.5348548887010426
DEHAVILLAND DHC-3,9,8,34,0.8888888888888888,0.5348548887010426
BEECH 400,9,8,9,0.8888888888888888,0.5348548887010426
EUROCOPTER EC 130 B4,9,8,5,0.8888888888888888,0.5348548887010426
BEECH 90,9,8,5,0.8888888888888888,0.5348548887010426
AERO COMMANDER 500,18,16,13,0.8888888888888888,0.5363764440687517
BOMBARDIER INC CL-600-2B19,18,16,0,0.8888888888888888,0.5363764440687517
SIKORSKY S76,18,16,20,0.8888888888888888,0.5363764440687517
PIPER PA25,36,32,24,0.8888888888888888,0.5394195548041701
GATES LEARJET 35A,19,17,9,0.8947368421052632,0.5400542777060996
CESSNA U206C,10,9,15,0.9,0.5416906170752325
CESSNA T-210,10,9,1,0.9,0.5416906170752325
CESSNA T-210N,10,9,5,0.9,0.5416906170752325
BEECH 65-90,10,9,5,0.9,0.5416906170752325
PIPER PA-46-500TP,20,18,12,0.9,0.5433812341504649
CESSNA 501,31,28,35,0.9032258064516129,0.5471763968041883
PIPER PA28-181,11,10,6,0.9090909090909091,0.5473142242373011
AVIAT A-1A,11,10,1,0.9090909090909091,0.5473142242373011
LEARJET 24,11,10,11,0.9090909090909091,0.5473142242373011
BEECH E33,11,10,5,0.9090909090909091,0.5473142242373011
VANS RV7,11,10,4,0.9090909090909091,0.5473142242373011
BEECH B60,11,10,11,0.9090909090909091,0.5473142242373011
SWEARINGEN SA227,11,10,17,0.9090909090909091,0.5473142242373011
EUROCOPTER AS350,11,10,21,0.9090909090909091,0.5473142242373011
SCHWEIZER AIRCRAFT CORP G-164B,11,10,0,0.9090909090909091,0.5473142242373011
BEECH S-35,11,10,12,0.9090909090909091,0.5473142242373011
CESSNA T210H,11,10,0,0.9090909090909091,0.5473142242373011
MOONEY M-20E,11,10,7,0.9090909090909091,0.5473142242373011
RANS S12,11,10,9,0.9090909090909091,0.5473142242373011
PIPER PA-28-140B,12,11,0,0.9166666666666666,0.5520287404902788
BELL 204B,12,11,5,0.9166666666666666,0.5520287404902788
BELL 206-L3,12,11,5,0.9166666666666666,0.5520287404902788
PILATUS PC12,12,11,15,0.9166666666666666,0.5520287404902788
CESSNA 337D,12,11,6,0.9166666666666666,0.5520287404902788
BEECH 300,12,11,12,0.9166666666666666,0.5520287404902788
CIRRUS DESIGN CORP. SR22,34,31,19,0.9117647058823529,0.5528069215852021
BEECH B90,24,22,32,0.9166666666666666,0.5540574809805578
ROBINSON R66,35,32,39,0.9142857142857143,0.5544885883347421
CESSNA 337B,13,12,7,0.9230769230769231,0.5560439560439561
PIPER PA-601P,13,12,13,0.9230769230769231,0.5560439560439561
AYRES S2R-G10,13,12,1,0.9230769230769231,0.5560439560439561
BEECH G18S,25,23,4,0.92,0.5562265426880812
CESSNA 404,38,35,41,0.9210526315789473,0.5590559238332518
AMERICAN CHAMPION AIRCRAFT 8GCBC,14,13,1,0.9285714285714286,0.5595097210481826
DE HAVILLAND DHC2,14,13,27,0.9285714285714286,0.5595097210481826
VANS RV8,14,13,5,0.9285714285714286,0.5595097210481826
GRUMMAN G-21A,14,13,17,0.9285714285714286,0.5595097210481826
CESSNA AIRCRAFT CO 162,14,13,1,0.9285714285714286,0.5595097210481826
AERO COMMANDER 500B,14,13,13,0.9285714285714286,0.5595097210481826
AIR TRACTOR INC AT-301,27,25,2,0.9259259259259259,0.5601202216586832
BEECH C-45H,27,25,30,0.9259259259259259,0.5601202216586832
CESSNA 207A,88,80,28,0.9090909090909091,0.5603319757165911
AIR TRACTOR INC AT-802A,15,14,7,0.9333333333333333,0.5625359256128486
CESSNA 206H,15,14,10,0.9333333333333333,0.5625359256128486
AEROSPATIALE AS350D,15,14,13,0.9333333333333333,0.5625359256128486
DEHAVILLAND DHC-2,15,14,4,0.9333333333333333,0.5625359256128486
CESSNA P206B,15,14,12,0.9333333333333333,0.5625359256128486
MITSUBISHI MU-2B-35,15,14,9,0.9333333333333333,0.5625359256128486
CESSNA 402,52,48,32,0.9230769230769231,0.5626373626373626
BEECH D18S,29,27,14,0.9310344827586207,0.5635234791733466
CIRRUS SR20,29,27,22,0.9310344827586207,0.5635234791733466
PIPER PA23,29,27,21,0.9310344827586207,0.5635234791733466
BELL 407,126,114,99,0.9047619047619048,0.5641589180050718
PIPER PA-31T,42,39,60,0.9285714285714286,0.5642434488588335
PIPER PA-28R,30,28,14,0.9333333333333333,0.5650718512256974
PIPER PA-31-325,30,28,30,0.9333333333333333,0.5650718512256974
CESSNA 310J,30,28,4,0.9333333333333333,0.5650718512256974
BEECH BE-200,16,15,28,0.9375,0.5652049873203719
AGUSTA A109,16,15,19,0.9375,0.5652049873203719
PIPER PA-31T1,16,15,14,0.9375,0.5652049873203719
ENSTROM F28C,16,15,4,0.9375,0.5652049873203719
CIRRUS DESIGN CORP. SR-22,16,15,11,0.9375,0.5652049873203719
CESSNA 180C,16,15,0,0.9375,0.5652049873203719
ENSTROM F-28A,44,41,2,0.9318181818181818,0.5665296242219319
CESSNA 550,56,52,39,0.9285714285714286,0.566610312764159
AERONCA 7CCM,17,16,7,0.9411764705882353,0.5675799313808364
BELLANCA 17-31A,17,16,16,0.9411764705882353,0.5675799313808364
BEECH E-90,17,16,17,0.9411764705882353,0.5675799313808364
TEMCO GC-1B,17,16,2,0.9411764705882353,0.5675799313808364
BELL 206A,17,16,7,0.9411764705882353,0.5675799313808364
DE HAVILLAND DHC-3,32,30,11,0.9375,0.5679099746407439
CESSNA 441,46,43,58,0.9347826086956522,0.5686464037634607
PIPER PA 46-350P,33,31,21,0.9393939393939394,0.5692153999846307
BELL 205A-1,18,17,15,0.9444444444444444,0.5697097774020851
HUGHES 500D,18,17,1,0.9444444444444444,0.5697097774020851
ROBINSON HELICOPTER COMPANY R22,19,18,2,0.9473684210526315,0.5716332250745206
EUROCOPTER AS 350 B3,19,18,4,0.9473684210526315,0.5716332250745206
CUBCRAFTERS INC CC11-160,19,18,0,0.9473684210526315,0.5716332250745206
AEROSPATIALE AS350B,19,18,14,0.9473684210526315,0.5716332250745206
DE HAVILLAND DHC-6,20,19,16,0.95,0.5733812341504648
ROCKWELL 114,20,19,22,0.95,0.5733812341504648
BEECH D95A,20,19,19,0.95,0.5733812341504648
BELL 206L,37,35,17,0.9459459459459459,0.5738228507459276
ROBINSON HELICOPTER R44,78,73,25,0.9358974358974359,0.5747252747252747
BEECH E18S,66,62,34,0.9393939393939394,0.5747944363328978
CESSNA 305,21,20,2,0.9523809523809523,0.5749788672865596
BEECH BE-55,21,20,12,0.9523809523809523,0.5749788672865596
BEECH E-55,21,20,21,0.9523809523809523,0.5749788672865596
AIR TRACTOR AT-802A,21,20,5,0.9523809523809523,0.5749788672865596
CESSNA 401A,21,20,15,0.9523809523809523,0.5749788672865596
CESSNA 402B,129,119,105,0.9224806201550387,0.575297332363522
PIPER PA-44-180,101,94,48,0.9306930693069307,0.5754910740440063
AVIAT AIRCRAFT INC A-1B,22,21,0,0.9545454545454546,0.5764466302927842
FLIGHT DESIGN GMBH CTLS,22,21,4,0.9545454545454546,0.5764466302927842
PIPER PA 28,23,22,0,0.9565217391304348,0.5778014627512955
DOUGLAS DC-3C,23,22,12,0.9565217391304348,0.5778014627512955
BEECH B-60,23,22,18,0.9565217391304348,0.5778014627512955
GRUMMAN AA-5,23,22,6,0.9565217391304348,0.5778014627512955
MOONEY M20M,42,40,23,0.9523809523809523,0.5785291631445477
AIR TRACTOR AT-400,24,23,6,0.9583333333333334,0.5790574809805579
BELL 47G-2A,24,23,1,0.9583333333333334,0.5790574809805579
PIPER PA-34-220T,74,70,65,0.9459459459459459,0.5800781339242878
CESSNA 401,44,42,49,0.9545454545454546,0.5801659878582955
CESSNA 172XP,25,24,6,0.96,0.5802265426880812
CESSNA 411,25,24,16,0.96,0.5802265426880812
CESSNA 560XL,25,24,7,0.96,0.5802265426880812
WACO UPF-7,45,43,6,0.9555555555555556,0.5809411101718794
AIR TRACTOR INC AT-502B,26,25,2,0.9615384615384616,0.5813186813186813
CESSNA P206,26,25,22,0.9615384615384616,0.5813186813186813
CESSNA R172E,26,25,5,0.9615384615384616,0.5813186813186813
BEECH A23A,26,25,9,0.9615384615384616,0.5813186813186813
AIR TRACTOR INC AT-602,26,25,7,0.9615384615384616,0.5813186813186813
CESSNA 210M,63,60,44,0.9523809523809523,0.5820794590025359
SIKORSKY S-76A,27,26,18,0.9629629629629629,0.5823424438809054
CESSNA 500,27,26,33,0.9629629629629629,0.5823424438809054
MOONEY AIRCRAFT CORP. M20K,28,27,7,0.9642857142857143,0.5833051563820794
LEARJET 35A,28,27,43,0.9642857142857143,0.5833051563820794
PIPER PA34,49,47,56,0.9591836734693877,0.5837942277502716
BEECH C24R,66,63,28,0.9545454545454546,0.583885345423807
PIPER PA31,29,28,40,0.9655172413793104,0.5842131343457604
PIPER PA-31P,29,28,33,0.9655172413793104,0.5842131343457604
BEECH BE-58,29,28,15,0.9655172413793104,0.5842131343457604
BELL 206B3,29,28,15,0.9655172413793104,0.5842131343457604
CESSNA 208B,189,174,214,0.9206349206349206,0.5843336151028458
PIPER PA-23,50,48,33,0.96,0.5844530853761623
BEECH C90,50,48,55,0.96,0.5844530853761623
BELL 206L-3,96,91,52,0.9479166666666666,0.5849799239222316
AMERICAN AA-1,30,29,4,0.9666666666666667,0.5850718512256974
MITSUBISHI MU-2B-60,31,30,61,0.967741935483871,0.5858860742235432
BELL 206B III,31,30,15,0.967741935483871,0.5858860742235432
GRUMMAN AMERICAN AA-5,31,30,30,0.967741935483871,0.5858860742235432
PIPER PA-32R,31,30,9,0.967741935483871,0.5858860742235432
BELL 212,53,51,62,0.9622641509433962,0.5863187610647698
PIPER J3,32,31,4,0.96875,0.5866599746407438
BOEING A75N1(PT17),32,31,2,0.96875,0.5866599746407438
BEECH H35,54,52,29,0.9629629629629629,0.5869071099840331
ROBINSON HELICOPTER COMPANY R44 II,145,136,35,0.9379310344827586,0.5872725682805258
CESSNA T207A,33,32,24,0.9696969696969697,0.5873972181664489
BELL OH-58A,33,32,6,0.9696969696969697,0.5873972181664489
PIPER PA28-140,33,32,11,0.9696969696969697,0.5873972181664489
PIPER PA-32-301,73,70,46,0.958904109589041,0.5876839704026215
BEECH 95-A55,34,33,27,0.9705882352941176,0.5881010392322609
PIPER PA 28-180,34,33,17,0.9705882352941176,0.5881010392322609
MCDONNELL DOUGLAS 369E,35,34,7,0.9714285714285714,0.5887743026204565
AERONCA 7BCM,35,34,5,0.9714285714285714,0.5887743026204565
PIPER PA-34,35,34,36,0.9714285714285714,0.5887743026204565
PIPER PA-31,58,56,45,0.9655172413793104,0.5891159238639345
PIPER PA-32RT-300T,76,73,39,0.9605263157894737,0.5891644792454509
CESSNA T303,36,35,32,0.9722222222222222,0.5894195548041701
BEECH 55,36,35,8,0.9722222222222222,0.5894195548041701
BEECH P35,36,35,21,0.9722222222222222,0.5894195548041701
MOONEY M20R,36,35,14,0.9722222222222222,0.5894195548041701
CESSNA T182T,37,36,13,0.972972972972973,0.5900390669621439
CESSNA 414,94,90,83,0.9574468085106383,0.5903598856135681
CESSNA 182C,79,76,34,0.9620253164556962,0.5905710647677541
CESSNA 152II,38,37,2,0.9736842105263158,0.5906348712016729
AIR TRACTOR AT502,39,38,18,0.9743589743589743,0.5912087912087911
BEECH M35,39,38,18,0.9743589743589743,0.5912087912087911
CESSNA P210,41,40,24,0.975609756097561,0.5922973836669896
AERO COMMANDER 100,41,40,6,0.975609756097561,0.5922973836669896
BELL UH-1H,42,41,66,0.9761904761904762,0.592814877430262
PIPER PA-28RT-201,66,64,50,0.9696969696969697,0.592976254514716
BELLANCA 7KCAB,67,65,17,0.9701492537313433,0.5934166866428635
PIPER PA-46-310P,86,83,73,0.9651162790697675,0.5936090742888596
AIR TRACTOR AT-401,68,66,4,0.9705882352941176,0.5938491372880512
CESSNA 208,103,99,143,0.9611650485436893,0.594112385001108
CESSNA 172B,69,67,12,0.9710144927536232,0.5942739534712779
CESSNA 421B,104,100,96,0.9615384615384616,0.5945054945054945
SCHWEIZER SGS 2-33A,70,68,1,0.9714285714285714,0.59469146238377
ROBINSON R-44,46,45,41,0.9782608695652174,0.5947333602851997
CESSNA T206H,46,45,27,0.9782608695652174,0.5947333602851997
PIPER PA-46-350P,71,69,48,0.971830985915493,0.5951019727834462
BELLANCA 17-30,47,46,17,0.9787234042553191,0.595179942806784
CESSNA 414A,47,46,52,0.9787234042553191,0.595179942806784
PIPER PA-18A,47,46,10,0.9787234042553191,0.595179942806784
PIPER PA22,48,47,8,0.9791666666666666,0.5956149619611157
PIPER PA-31-350,280,256,237,0.9142857142857143,0.5959087066779374
CESSNA T210,74,72,34,0.972972972972973,0.596294350140504
LAKE LA-4-200,74,72,20,0.972972972972973,0.596294350140504
CESSNA 207,178,168,72,0.9438202247191011,0.5963851187705984
BEECH K35,50,49,30,0.98,0.5964530853761623
PIPER J3C,50,49,13,0.98,0.5964530853761623
ENSTROM F-28C,51,50,2,0.9803921568627451,0.5968574412013326
PIPER PA-34-200,111,107,50,0.963963963963964,0.5971442279134587
BEECH A-36,52,51,45,0.9807692307692307,0.5972527472527471
BEECH B19,53,52,6,0.9811320754716981,0.5976395157817509
CESSNA 172I,54,53,16,0.9814814814814815,0.5980182210951442
CESSNA U206G,115,111,106,0.9652173913043478,0.5985725311477819
BELL UH-1B,56,55,36,0.9821428571428571,0.598753169907016
BEECH 36,56,55,22,0.9821428571428571,0.598753169907016
CESSNA 210N,56,55,43,0.9821428571428571,0.598753169907016
AERONCA 11AC,81,79,18,0.9753086419753086,0.598879183494568
PIPER PA46,58,57,30,0.9827586206896551,0.5994607514501413
PIPER PA-18-135,58,57,17,0.9827586206896551,0.5994607514501413
BEECH 77,59,58,17,0.9830508474576272,0.5998051492184479
CESSNA 182D,59,58,26,0.9830508474576272,0.5998051492184479
CESSNA 210L,133,128,60,0.9624060150375939,0.5999288161231481
BEECH C35,60,59,35,0.9833333333333333,0.6001437024513947
CESSNA 421,62,61,58,0.9838709677419355,0.6008044065116025
COLUMBIA AIRCRAFT MFG LC41 550FG,5,5,5,1.0,0.6008453085376162
CESSNA P206D,5,5,0,1.0,0.6008453085376162
CONSOLIDATED AERONAUTICS INC. LA-4-200,5,5,1,1.0,0.6008453085376162
DEHAVILLAND BEAVER DHC 2,5,5,0,1.0,0.6008453085376162
COSTRUZIONI AERONAUTICHE TECNA P2002 SIERRA,5,5,0,1.0,0.6008453085376162
DE HAVILLAND BEAVER DHC-2 MK.1,5,5,0,1.0,0.6008453085376162
CESSNA P172D,5,5,0,1.0,0.6008453085376162
CESSNA T182RG,5,5,1,1.0,0.6008453085376162
CGS HAWK,5,5,2,1.0,0.6008453085376162
CESSNA P-210N,5,5,5,1.0,0.6008453085376162
CESSNA TU206C,5,5,1,1.0,0.6008453085376162
CESSNA L19,5,5,0,1.0,0.6008453085376162
CESSNA TR-182,5,5,6,1.0,0.6008453085376162
CESSNA 305C,5,5,2,1.0,0.6008453085376162
CESSNA 525B,5,5,0,1.0,0.6008453085376162
CESSNA TU-206F,5,5,4,1.0,0.6008453085376162
CESSNA T337D,5,5,1,1.0,0.6008453085376162
CESSNA T337E,5,5,1,1.0,0.6008453085376162
CESSNA T337H,5,5,3,1.0,0.6008453085376162
CESSNA 337E,5,5,1,1.0,0.6008453085376162
CESSNA F150,5,5,7,1.0,0.6008453085376162
CONVAIR 580,5,5,0,1.0,0.6008453085376162
LUSCOMBE 11A,5,5,0,1.0,0.6008453085376162
DIAMOND DA42,5,5,0,1.0,0.6008453085376162
ROBINSON R22HP,5,5,0,1.0,0.6008453085376162
ROBINSON R-44 II,5,5,3,1.0,0.6008453085376162
ROBINSON R-22M,5,5,2,1.0,0.6008453085376162
ROBINSON R-22HP,5,5,0,1.0,0.6008453085376162
RAYTHEON AIRCRAFT COMPANY 58,5,5,10,1.0,0.6008453085376162
RAYTHEON AIRCRAFT COMPANY 400A,5,5,0,1.0,0.6008453085376162
RAVEN S60A,5,5,0,1.0,0.6008453085376162
RAVEN S-66A,5,5,0,1.0,0.6008453085376162
RANS S-7,5,5,1,1.0,0.6008453085376162
QUICKSILVER SPORT 2S,5,5,2,1.0,0.6008453085376162
QUICKIE Q-2,5,5,0,1.0,0.6008453085376162
PTERODACTYL ASCENDER II,5,5,4,1.0,0.6008453085376162
ROCKWELL 690C,5,5,1,1.0,0.6008453085376162
PITTS S-1C,5,5,0,1.0,0.6008453085376162
PIPER PA46 500TP,5,5,2,1.0,0.6008453085376162
PIPER PA28-236,5,5,3,1.0,0.6008453085376162
PIPER PA28-235,5,5,0,1.0,0.6008453085376162
PIPER PA24-260,5,5,1,1.0,0.6008453085376162
PIPER PA12,5,5,2,1.0,0.6008453085376162
PIPER PA-60-700P,5,5,1,1.0,0.6008453085376162
PIPER PA-28RT,5,5,1,1.0,0.6008453085376162
PIPER PA-28-200R,5,5,0,1.0,0.6008453085376162
PIPER PA-28-180C,5,5,1,1.0,0.6008453085376162
PIPER PA-28-140D,5,5,1,1.0,0.6008453085376162
PIPER PA-24-260B,5,5,1,1.0,0.6008453085376162
PIPER PA-23-180,5,5,2,1.0,0.6008453085376162
PIPISTREL ALPHA TRAINER,5,5,1,1.0,0.6008453085376162
PIPER PA 34-220T,5,5,0,1.0,0.6008453085376162
ROCKWELL COMMANDER 114,5,5,7,1.0,0.6008453085376162
ROLLADEN-SCHNEIDER LS-4A,5,5,1,1.0,0.6008453085376162
ZENITH CH 750,5,5,0,1.0,0.6008453085376162
ZENAIR CH 2000,5,5,0,1.0,0.6008453085376162
WSK PZL MIELEC M-18,5,5,0,1.0,0.6008453085376162
WACO UPF 7,5,5,0,1.0,0.6008453085376162
WACO QCF,5,5,4,1.0,0.6008453085376162
WACO CTO,5,5,0,1.0,0.6008453085376162
WACO CLASSIC AIRCRAFT YMF-F5C,5,5,0,1.0,0.6008453085376162
WACO ASO,5,5,3,1.0,0.6008453085376162
TEXAS HELICOPTER OH-13E/M74,5,5,2,1.0,0.6008453085376162
STEARMAN A75N1(PT17),5,5,0,1.0,0.6008453085376162
SOCATA TB20,5,5,8,1.0,0.6008453085376162
SOCATA TB-9,5,5,0,1.0,0.6008453085376162
ROCKWELL INTERNATIONAL 690B,5,5,10,1.0,0.6008453085376162
SOCATA TB-10,5,5,0,1.0,0.6008453085376162
SMITH AEROSTAR 600,5,5,5,1.0,0.6008453085376162
SILVAIRE LUSCOMBE 8E,5,5,2,1.0,0.6008453085376162
SCORPION 133,5,5,2,1.0,0.6008453085376162
SCHWEIZER SGS233,5,5,0,1.0,0.6008453085376162
SCHWEIZER SGS-1-35C,5,5,1,1.0,0.6008453085376162
SCHWEIZER SGS 1-26D,5,5,1,1.0,0.6008453085376162
SCHWEIZER SGS 1-26C,5,5,1,1.0,0.6008453085376162
SCHWEIZER AIRCRAFT CORP G 164B,5,5,2,1.0,0.6008453085376162
SCHLEICHER ASW-19B,5,5,2,1.0,0.6008453085376162
SCHLEICHER ASW 27,5,5,0,1.0,0.6008453085376162
RYAN ST-3KR,5,5,0,1.0,0.6008453085376162
ROTORWAY EXECUTIVE,5,5,0,1.0,0.6008453085376162
SMITH AEROSTAR601,5,5,0,1.0,0.6008453085376162
PIPER PA 34,5,5,0,1.0,0.6008453085376162
PIPER PA 32RT-300T,5,5,7,1.0,0.6008453085376162
PIPER PA 31P,5,5,13,1.0,0.6008453085376162
JUST JA30 SUPERSTOL,5,5,1,1.0,0.6008453085376162
INTERSTATE S-1B1,5,5,5,1.0,0.6008453085376162
HUGHES 369C,5,5,0,1.0,0.6008453085376162
HUGHES 300C,5,5,0,1.0,0.6008453085376162
HUGHES 269A-1,5,5,0,1.0,0.6008453085376162
HELIO H-395,5,5,0,1.0,0.6008453085376162
"HEAD BALLOONS, INC. AX8-88",5,5,0,1.0,0.6008453085376162
GULFSTREAM-SCHWEIZER A/C CORP GULFSTREAM AM G-164B,5,5,0,1.0,0.6008453085376162
GULFSTREAM AMERICAN CORP AA-5A,5,5,5,1.0,0.6008453085376162
GUIMBAL CABRI,5,5,2,1.0,0.6008453085376162
GRUMMAN-SCHWEIZER G-164C,5,5,1,1.0,0.6008453085376162
GRUMMAN G21A,5,5,0,1.0,0.6008453085376162
LAKE LA4-200,5,5,0,1.0,0.6008453085376162
GRUMMAN AMERICAN AA5B,5,5,0,1.0,0.6008453085376162
GRUMMAN AMERICAN AA-1,5,5,0,1.0,0.6008453085376162
GENERAL BALLOON AX-6,5,5,2,1.0,0.6008453085376162
GATES LEARJET 35,5,5,1,1.0,0.6008453085376162
GATES LEARJET 25D,5,5,9,1.0,0.6008453085376162
FLEET 16B,5,5,3,1.0,0.6008453085376162
EUROCOPTER FRANCE EC 130 B4,5,5,1,1.0,0.6008453085376162
EUROCOPTER FRANCE AS-350-B2,5,5,3,1.0,0.6008453085376162
ENGINEERING & RESEARCH ERCOUPE 415-C,5,5,1,1.0,0.6008453085376162
EIRIAVION OY PIK 20D,5,5,0,1.0,0.6008453085376162
EIPPER QUICKSILVER MXL,5,5,1,1.0,0.6008453085376162
ECLIPSE AVIATION CORP EA500,5,5,0,1.0,0.6008453085376162
DOUGLAS DC3C,5,5,13,1.0,0.6008453085376162
GRUMMAN AMERICAN AA5A,5,5,1,1.0,0.6008453085376162
LANCAIR 235,5,5,4,1.0,0.6008453085376162
LANCAIR IV,5,5,2,1.0,0.6008453085376162
LANCAIR LC41,5,5,1,1.0,0.6008453085376162
PIPER PA 28R,5,5,0,1.0,0.6008453085376162
PIPER PA 24-260,5,5,13,1.0,0.6008453085376162
PIPER AIRCRAFT INC PA46R-350T,5,5,1,1.0,0.6008453085376162
PIONEER FLIGHTSTAR,5,5,1,1.0,0.6008453085376162
PILATUS PC-12,5,5,16,1.0,0.6008453085376162
PIETENPOL AIRCAMPER,5,5,2,1.0,0.6008453085376162
PARTENAVIA P68C,5,5,2,1.0,0.6008453085376162
NORTH AMERICAN AT-6A,5,5,1,1.0,0.6008453085376162
NAVION H,5,5,0,1.0,0.6008453085376162
MOONEY 20F,5,5,1,1.0,0.6008453085376162
MOONEY 20E,5,5,2,1.0,0.6008453085376162
MONNETT MONI,5,5,2,1.0,0.6008453085376162
MITSUBISHI MU2B,5,5,11,1.0,0.6008453085376162
MITSUBISHI MU-2B-26A,5,5,6,1.0,0.6008453085376162
MCDONNELL DOUGLAS HELICOPTER 600N,5,5,1,1.0,0.6008453085376162
MCDONNELL DOUGLAS 369HS,5,5,1,1.0,0.6008453085376162
MAULE MXT-7-180,5,5,1,1.0,0.6008453085376162
MAULE MX-7-180C,5,5,1,1.0,0.6008453085376162
MAULE M6-235,5,5,1,1.0,0.6008453085376162
MAULE M5-180C,5,5,0,1.0,0.6008453085376162
MAULE M-7-260C,5,5,0,1.0,0.6008453085376162
MAULE M-6,5,5,0,1.0,0.6008453085376162
MAULE M-5-235,5,5,0,1.0,0.6008453085376162
MAULE M-4-210,5,5,0,1.0,0.6008453085376162
LOCKHEED P2V-7,5,5,12,1.0,0.6008453085376162
LINDSTRAND BALLOONS 90A,5,5,0,1.0,0.6008453085376162
LEARJET 25B,5,5,1,1.0,0.6008453085376162
DIAMOND DA 40,5,5,0,1.0,0.6008453085376162
CESSNA 206A,5,5,0,1.0,0.6008453085376162
CONSOLIDATED-VULTEE BT-13A,5,5,4,1.0,0.6008453085376162
BELL 206L 3,5,5,5,1.0,0.6008453085376162
AVIAT PITTS S2B,5,5,0,1.0,0.6008453085376162
BELL 412SP,5,5,14,1.0,0.6008453085376162
BELL 47G4,5,5,0,1.0,0.6008453085376162
BURKHART GROB FLUGZEUGBAU G103 TWIN ASTIR,5,5,0,1.0,0.6008453085376162
BELL 412EP,5,5,31,1.0,0.6008453085376162
BURKHART GROB G-103,5,5,0,1.0,0.6008453085376162
BELL 47-G,5,5,2,1.0,0.6008453085376162
BOEING 737-724,5,5,0,1.0,0.6008453085376162
AERONCA 65-TAC,5,5,4,1.0,0.6008453085376162
AERONCA 65-CA,5,5,2,1.0,0.6008453085376162
AERONCA 65-C,5,5,0,1.0,0.6008453085376162
BURKHART GROB G-103A TWIN II ACRO,5,5,1,1.0,0.6008453085376162
BURKHART GROB G-109B,5,5,1,1.0,0.6008453085376162
BALLOON WORKS FIREFLY-7,5,5,2,1.0,0.6008453085376162
AERONCA 65CA,5,5,0,1.0,0.6008453085376162
AMERICAN CHAMPION AIRCRAFT 7GCAA,5,5,0,1.0,0.6008453085376162
BOEING A-75N1,5,5,6,1.0,0.6008453085376162
BOEING A75L3,5,5,1,1.0,0.6008453085376162
BOEING B75-N1,5,5,0,1.0,0.6008453085376162
BOEING B737,5,5,0,1.0,0.6008453085376162
BEECH 24,5,5,0,1.0,0.6008453085376162
AEROSPATIALE SA 315B,5,5,0,1.0,0.6008453085376162
BEECH 3NM,5,5,3,1.0,0.6008453085376162
AEROSPATIALE AS-355F,5,5,2,1.0,0.6008453085376162
BELL 47-G3B1,5,5,0,1.0,0.6008453085376162
AEROSPATIALE AS-355-F1,5,5,2,1.0,0.6008453085376162
BELL 47G 3B 1,5,5,0,1.0,0.6008453085376162
BALLOON WORKS FIREFLY 8,5,5,0,1.0,0.6008453085376162
AIR TRACTOR INC AT 402B,5,5,0,1.0,0.6008453085376162
BALLOON WORKS FIREFLY 7-B,5,5,0,1.0,0.6008453085376162
AMERICAN EUROCOPTER CORP AS350B3,5,5,1,1.0,0.6008453085376162
BEECH 65-80,5,5,0,1.0,0.6008453085376162
BELL 47G 5,5,5,2,1.0,0.6008453085376162
AERONCA 0-58B,5,5,0,1.0,0.6008453085376162
AEROSPATIALE SA341G,5,5,0,1.0,0.6008453085376162
BELL 206BII,5,5,0,1.0,0.6008453085376162
AYRES S2R-1820,5,5,1,1.0,0.6008453085376162
BEECH BE-300,5,5,2,1.0,0.6008453085376162
BEECH B300,5,5,14,1.0,0.6008453085376162
BEECH BE-90,5,5,3,1.0,0.6008453085376162
AGUSTA A109A II,5,5,9,1.0,0.6008453085376162
BEECH B-23,5,5,1,1.0,0.6008453085376162
BEECH C24,5,5,3,1.0,0.6008453085376162
BELL UH-1E,5,5,0,1.0,0.6008453085376162
AMERICAN AEROLIGHTS EAGLE XL,5,5,3,1.0,0.6008453085376162
AMERICAN AVIATION AA1,5,5,1,1.0,0.6008453085376162
CENTRAIR 101A,5,5,0,1.0,0.6008453085376162
AERO VODOCHODY L39C,5,5,3,1.0,0.6008453085376162
AERO COMMANDER 681,5,5,8,1.0,0.6008453085376162
CESSNA 152A,5,5,0,1.0,0.6008453085376162
BEECH K-35,5,5,2,1.0,0.6008453085376162
AVIAN BALLOON MAGNUM IX,5,5,0,1.0,0.6008453085376162
BELLANCA BL17-30,5,5,0,1.0,0.6008453085376162
AEROSTAR S-66A,5,5,1,1.0,0.6008453085376162
BOEING 707,5,5,173,1.0,0.6008453085376162
BELL 206 - L4,5,5,6,1.0,0.6008453085376162
AMERICAN CHAMPION (ACAC) 7GCBC,5,5,1,1.0,0.6008453085376162
BELL TH-1L,5,5,0,1.0,0.6008453085376162
BEECH A-23,5,5,0,1.0,0.6008453085376162
BEECH V35TC,5,5,4,1.0,0.6008453085376162
BEECH V-35B,5,5,2,1.0,0.6008453085376162
AIR CREATION TANARG,5,5,1,1.0,0.6008453085376162
AIR TRACTOR AT-401B,5,5,1,1.0,0.6008453085376162
BEECH V-35,5,5,5,1.0,0.6008453085376162
CALLAIR A-9B,5,5,0,1.0,0.6008453085376162
BOEING A75L300,6,6,0,1.0,0.6010143702451395
DIAMOND AIRCRAFT INDUSTRIES DA 20-C1,6,6,0,1.0,0.6010143702451395
DOUGLAS DC-6A,6,6,7,1.0,0.6010143702451395
ARION AIRCRAFT LLC LIGHTNING LS-1,6,6,3,1.0,0.6010143702451395
PIPER PA31T,6,6,21,1.0,0.6010143702451395
BELLANCA 1730,6,6,4,1.0,0.6010143702451395
ENGINEERING & RESEARCH 415-C,6,6,0,1.0,0.6010143702451395
AVIAT AIRCRAFT INC A-1C,6,6,0,1.0,0.6010143702451395
ADAMS A55S,6,6,1,1.0,0.6010143702451395
BURKHART GROB 103,6,6,0,1.0,0.6010143702451395
DEHAVILLAND BEAVER DHC-2 MK.1,6,6,2,1.0,0.6010143702451395
REMOS ACFT GMBH FLUGZEUGBAU REMOS GX,6,6,3,1.0,0.6010143702451395
AIR TRACTOR INC AT-402B,6,6,2,1.0,0.6010143702451395
RAYTHEON AIRCRAFT COMPANY C90A,6,6,9,1.0,0.6010143702451395
RAYTHEON AIRCRAFT COMPANY B36TC,6,6,3,1.0,0.6010143702451395
CESSNA 150-L,6,6,2,1.0,0.6010143702451395
AMERICAN AA-5,6,6,0,1.0,0.6010143702451395
AMERICAN AVIATION CORP. (AAC) AA-1,6,6,2,1.0,0.6010143702451395
CESSNA TU206B,6,6,4,1.0,0.6010143702451395
RANS S-12,6,6,5,1.0,0.6010143702451395
QUICKSILVER MXL II SPORT,6,6,4,1.0,0.6010143702451395
CHAMPION 7BCM,6,6,4,1.0,0.6010143702451395
BOEING B75,6,6,1,1.0,0.6010143702451395
PROGRESSIVE AERODYNE SEAREY,6,6,1,1.0,0.6010143702451395
CIRRUS DESIGN CORPORATION SR22,6,6,6,1.0,0.6010143702451395
CLASSIC AIRCRAFT CORP. WACO YMF,6,6,0,1.0,0.6010143702451395
CONTINENTAL COPTERS TOMCAT MK5A,6,6,3,1.0,0.6010143702451395
COSMOS PHASE II,6,6,1,1.0,0.6010143702451395
COSTRUZIONI AERONAUTICHE TECNA P92 EAGLET,6,6,0,1.0,0.6010143702451395
CULVER LFA,6,6,3,1.0,0.6010143702451395
CURTISS-WRIGHT TRAVEL AIR 4000,6,6,2,1.0,0.6010143702451395
BOMBARDIER INC CL-600-2C10,6,6,0,1.0,0.6010143702451395
BOMBARDIER INC CL 600 2C10,6,6,0,1.0,0.6010143702451395
BOEING STEARMAN PT-17,6,6,4,1.0,0.6010143702451395
BOEING STEARMAN B75N1,6,6,1,1.0,0.6010143702451395
BURKHART GROB G102,6,6,1,1.0,0.6010143702451395
PIPER PA23-250,6,6,2,1.0,0.6010143702451395
BELL 47G2A,6,6,1,1.0,0.6010143702451395
BELL UH1H,6,6,1,1.0,0.6010143702451395
HILLER UH-12ET,6,6,0,1.0,0.6010143702451395
PIPER PA 23-250,6,6,6,1.0,0.6010143702451395
PIPER PA 22-160,6,6,2,1.0,0.6010143702451395
HUGHES 369FF,6,6,0,1.0,0.6010143702451395
HUGHES 500C,6,6,0,1.0,0.6010143702451395
PIPER J5C,6,6,1,1.0,0.6010143702451395
LAKE LA4,6,6,2,1.0,0.6010143702451395
BELL 206B II,6,6,1,1.0,0.6010143702451395
BELL 206 B3,6,6,0,1.0,0.6010143702451395
LEARJET INC 60,6,6,2,1.0,0.6010143702451395
PIAGGIO P180,6,6,0,1.0,0.6010143702451395
NORTH AMERICAN T28,6,6,6,1.0,0.6010143702451395
PIPER PA 28R-180,6,6,7,1.0,0.6010143702451395
BEECH T-34B,6,6,3,1.0,0.6010143702451395
NORD (SNCAN) STAMPE SV4C,6,6,1,1.0,0.6010143702451395
NANCHANG CJ-6A,6,6,4,1.0,0.6010143702451395
MOONEY M20S,6,6,2,1.0,0.6010143702451395
BEECH F-35,6,6,3,1.0,0.6010143702451395
BEECH E33A,6,6,0,1.0,0.6010143702451395
BEECH E-18S,6,6,4,1.0,0.6010143702451395
MOONEY M-20G,6,6,0,1.0,0.6010143702451395
MOONEY M-20,6,6,1,1.0,0.6010143702451395
BEECH BE23,6,6,0,1.0,0.6010143702451395
BEECH BE-19,6,6,0,1.0,0.6010143702451395
MITSUBISHI MU-2B-30,6,6,14,1.0,0.6010143702451395
MD HELICOPTER 600,6,6,6,1.0,0.6010143702451395
BEECH T-34A,6,6,5,1.0,0.6010143702451395
PIPER PA 28R-201T,6,6,6,1.0,0.6010143702451395
GULFSTREAM G-164B,6,6,2,1.0,0.6010143702451395
GULFSTREAM AMERICAN AA5A,6,6,1,1.0,0.6010143702451395
ERCOUPE (ENG & RESEARCH CORP.) 415D,6,6,2,1.0,0.6010143702451395
ERCOUPE (ENG & RESEARCH CORP.) ERCOUPE 415-C,6,6,0,1.0,0.6010143702451395
ERCOUPE 415-D,6,6,3,1.0,0.6010143702451395
BELL UH 1H,6,6,1,1.0,0.6010143702451395
EUROCOPTER AS350B3,6,6,0,1.0,0.6010143702451395
EUROCOPTER AS350BA,6,6,5,1.0,0.6010143702451395
BELL OH-58,6,6,2,1.0,0.6010143702451395
EVOLUTION AIRCRAFT INC REVO,6,6,1,1.0,0.6010143702451395
EVOLUTION TRIKES REVO,6,6,4,1.0,0.6010143702451395
BELL 47J-2,6,6,1,1.0,0.6010143702451395
BELL 47G3B2A,6,6,0,1.0,0.6010143702451395
PIPER PA-36-400,6,6,0,1.0,0.6010143702451395
BALLOON WORKS FIREFLY 8B,6,6,3,1.0,0.6010143702451395
GENERAL ATOMICS MQ-9,6,6,0,1.0,0.6010143702451395
GLASER-DIRKS DG-400,6,6,3,1.0,0.6010143702451395
GLASFLUGEL STANDARD LIBELLE,6,6,1,1.0,0.6010143702451395
GREAT LAKES 2T-1A,6,6,1,1.0,0.6010143702451395
GRUMMAN AA-1A,6,6,0,1.0,0.6010143702451395
PIPER PA-31T2,6,6,16,1.0,0.6010143702451395
GRUMMAN AA5A,6,6,6,1.0,0.6010143702451395
PIPER PA-24-260C,6,6,0,1.0,0.6010143702451395
GRUMMAN AMERICAN AVN. CORP. AA-5A,6,6,0,1.0,0.6010143702451395
GRUMMAN G-164-A,6,6,0,1.0,0.6010143702451395
GRUMMAN G-44A,6,6,1,1.0,0.6010143702451395
PIPER PA 46,6,6,0,1.0,0.6010143702451395
PIPER PA 38-112,6,6,1,1.0,0.6010143702451395
BEECH 65-A80,6,6,20,1.0,0.6010143702451395
AVIAT INC A-1,6,6,2,1.0,0.6010143702451395
AIR TRACTOR INC AT 301,6,6,0,1.0,0.6010143702451395
BENSEN B8M,6,6,3,1.0,0.6010143702451395
SCHWEIZER SGS 1-26A,6,6,0,1.0,0.6010143702451395
CESSNA 185D,6,6,2,1.0,0.6010143702451395
AEROSPATIALE AS-355F-1,6,6,7,1.0,0.6010143702451395
SIAI-MARCHETTI S.205/22R,6,6,1,1.0,0.6010143702451395
CESSNA ECTOR 305A,6,6,1,1.0,0.6010143702451395
SCHWEIZER 2-33,6,6,0,1.0,0.6010143702451395
AIR TRACTOR AT 301,6,6,0,1.0,0.6010143702451395
SCHEMPP-HIRTH CIRRUS,6,6,2,1.0,0.6010143702451395
AEROSPATIALE AS 355F1,6,6,8,1.0,0.6010143702451395
AERO COMMANDER 520,6,6,5,1.0,0.6010143702451395
WACO UPF7,6,6,0,1.0,0.6010143702451395
TL ULTRALIGHT SRO STINGSPORT,6,6,4,1.0,0.6010143702451395
CESSNA L-19,6,6,0,1.0,0.6010143702451395
AEROSTAR S-77A,6,6,1,1.0,0.6010143702451395
CESSNA 152-II,6,6,1,1.0,0.6010143702451395
SCHEMPP-HIRTH VENTUS B/16.6,6,6,1,1.0,0.6010143702451395
AIR TRACTOR AT-502A,6,6,2,1.0,0.6010143702451395
SHORT BROTHERS SC7,6,6,3,1.0,0.6010143702451395
SOCATA TB10,6,6,7,1.0,0.6010143702451395
CESSNA C172N,6,6,3,1.0,0.6010143702451395
AEROSPATIALE TB-20,6,6,3,1.0,0.6010143702451395
ROLLADEN-SCHNEIDER LS-6,6,6,1,1.0,0.6010143702451395
CESSNA C-172N,6,6,3,1.0,0.6010143702451395
WSK PZL MIELEC M-18A DROMADER,6,6,2,1.0,0.6010143702451395
CESSNA C-182,6,6,4,1.0,0.6010143702451395
CESSNA 320F,6,6,5,1.0,0.6010143702451395
CESSNA 411A,6,6,7,1.0,0.6010143702451395
SCHWEIZER SGS 1-35,6,6,2,1.0,0.6010143702451395
ROCKWELL 500-S,6,6,7,1.0,0.6010143702451395
VANS RV9,6,6,6,1.0,0.6010143702451395
WEEDHOPPER B,6,6,4,1.0,0.6010143702451395
AERO VODOCHODY AERO. WORKS L-39C,6,6,5,1.0,0.6010143702451395
CESSNA C150,6,6,0,1.0,0.6010143702451395
AEROSTAR RX-7,6,6,0,1.0,0.6010143702451395
ROTORWAY EXEC 90,6,6,2,1.0,0.6010143702451395
AIR COMMAND 532,6,6,4,1.0,0.6010143702451395
SCHEMPP-HIRTH VENTUS-B,6,6,2,1.0,0.6010143702451395
PIPER PA32,63,62,33,0.9841269841269841,0.6011270780501549
AYRES S2R,63,62,15,0.9841269841269841,0.6011270780501549
SCHLEICHER ASW-19,7,7,2,1.0,0.6011834319526627
LEARJET 60,7,7,0,1.0,0.6011834319526627
CESSNA 337A,7,7,6,1.0,0.6011834319526627
PIPER PA44,7,7,5,1.0,0.6011834319526627
BELLANCA 14-19-2,7,7,0,1.0,0.6011834319526627
EUROCOPTER AS 350,7,7,0,1.0,0.6011834319526627
MAULE M5-235C,7,7,1,1.0,0.6011834319526627
AMERICAN GENERAL AIRCRAFT AG5B,7,7,1,1.0,0.6011834319526627
PIPER J-5A,7,7,2,1.0,0.6011834319526627
PIPER J4A,7,7,3,1.0,0.6011834319526627
ENSTROM 480,7,7,2,1.0,0.6011834319526627
BELL 205,7,7,1,1.0,0.6011834319526627
LET L-23,7,7,0,1.0,0.6011834319526627
SCHWEIZER G164B,7,7,1,1.0,0.6011834319526627
BALLOON WORKS FIREFLY 8B-15,7,7,0,1.0,0.6011834319526627
LET L 33 SOLO,7,7,1,1.0,0.6011834319526627
ERCOUPE 415 C,7,7,1,1.0,0.6011834319526627
BRITTEN NORMAN BN2A,7,7,8,1.0,0.6011834319526627
BELL 47G-4,7,7,0,1.0,0.6011834319526627
KAMAN HH-43F,7,7,4,1.0,0.6011834319526627
BEECH P-35,7,7,1,1.0,0.6011834319526627
SIKORSKY S-58ET,7,7,5,1.0,0.6011834319526627
PIPER J3F-65,7,7,2,1.0,0.6011834319526627
CESSNA 175C,7,7,1,1.0,0.6011834319526627
AEROSTAR S-60A,7,7,4,1.0,0.6011834319526627
BELL HELICOPTER TEXTRON CANADA 429,7,7,5,1.0,0.6011834319526627
BENSEN B-8M,7,7,4,1.0,0.6011834319526627
AGUSTA A109E,7,7,0,1.0,0.6011834319526627
BELLANCA BL-17-30A,7,7,4,1.0,0.6011834319526627
EIPPER QUICKSILVER,7,7,3,1.0,0.6011834319526627
BELL 47J-2A,7,7,0,1.0,0.6011834319526627
PIPER PA 31-350,7,7,0,1.0,0.6011834319526627
PICCARD AX-6,7,7,5,1.0,0.6011834319526627
NORTH AMERICAN SNJ,7,7,2,1.0,0.6011834319526627
MAULE M-7,7,7,2,1.0,0.6011834319526627
BELL 47J,7,7,0,1.0,0.6011834319526627
CESSNA 205A,7,7,0,1.0,0.6011834319526627
PIPER J3C-85,7,7,5,1.0,0.6011834319526627
AIR TRACTOR AT 502,7,7,2,1.0,0.6011834319526627
DEHAVILLAND DHC-2 MK. I(L20A),7,7,0,1.0,0.6011834319526627
LUSCOMBE 8C,7,7,4,1.0,0.6011834319526627
DEHAVILLAND DHC 2,7,7,1,1.0,0.6011834319526627
AEROTEK PITTS SPECIAL S-1S,7,7,1,1.0,0.6011834319526627
BELLANCA 17 30,7,7,0,1.0,0.6011834319526627
LANCAIR 320,7,7,6,1.0,0.6011834319526627
PIPER PA-42,7,7,10,1.0,0.6011834319526627
CESSNA C-150,7,7,0,1.0,0.6011834319526627
CESSNA AIRCRAFT CO E162,7,7,0,1.0,0.6011834319526627
PIPER PA 11,7,7,4,1.0,0.6011834319526627
PIPER PA 18A,7,7,0,1.0,0.6011834319526627
PIPER PA-20-135,7,7,4,1.0,0.6011834319526627
BEECH D-45,7,7,8,1.0,0.6011834319526627
CESSNA U-206G,7,7,6,1.0,0.6011834319526627
SWEARINGEN SA226,7,7,0,1.0,0.6011834319526627
BEECH C-90,7,7,12,1.0,0.6011834319526627
GRUMMAN G-164C,7,7,1,1.0,0.6011834319526627
CESSNA 162,7,7,0,1.0,0.6011834319526627
BELL 214B-1,7,7,9,1.0,0.6011834319526627
STINSON L-5,7,7,1,1.0,0.6011834319526627
RAVEN RALLY RX7,7,7,0,1.0,0.6011834319526627
BEECH 95 B55 (T42A),7,7,13,1.0,0.6011834319526627
RAVEN S-55A,7,7,2,1.0,0.6011834319526627
CESSNA T337C,7,7,6,1.0,0.6011834319526627
CESSNA 185B,7,7,2,1.0,0.6011834319526627
PIPER PA 28-235,7,7,5,1.0,0.6011834319526627
RAYTHEON AIRCRAFT COMPANY B200,7,7,1,1.0,0.6011834319526627
SOCATA TBM700,7,7,3,1.0,0.6011834319526627
MITSUBISHI MU-300,7,7,3,1.0,0.6011834319526627
BEECH BE-60,7,7,6,1.0,0.6011834319526627
GULFSTREAM GIV,7,7,12,1.0,0.6011834319526627
WEATHERLY AVIATION CO INC 620B,7,7,1,1.0,0.6011834319526627
STINSON 10A,7,7,0,1.0,0.6011834319526627
HILLER UH-12A,7,7,2,1.0,0.6011834319526627
AIR TRACTOR AT402,7,7,3,1.0,0.6011834319526627
WSK PZL MIELEC M-18 DROMADER,7,7,0,1.0,0.6011834319526627
ROBINSON R22 - BETA,7,7,5,1.0,0.6011834319526627
HELIO H 295,7,7,0,1.0,0.6011834319526627
ROCKWELL 112B,7,7,7,1.0,0.6011834319526627
ROCKWELL 112TCA,7,7,4,1.0,0.6011834319526627
GULFSTREAM AA-5B,7,7,3,1.0,0.6011834319526627
CHALLENGER II,7,7,7,1.0,0.6011834319526627
ROCKWELL INTERNATIONAL S 2R,7,7,1,1.0,0.6011834319526627
CHAMPION 7HC,7,7,3,1.0,0.6011834319526627
CIRRUS DESIGN CORP. SR-20,7,7,3,1.0,0.6011834319526627
INTERSTATE S-1A,7,7,0,1.0,0.6011834319526627
MCDONNELL DOUGLAS 369FF,7,7,8,1.0,0.6011834319526627
NAVION NAVION,7,7,2,1.0,0.6011834319526627
GRUMMAN AMERICAN AA-1A,7,7,3,1.0,0.6011834319526627
BEECH 24R,7,7,6,1.0,0.6011834319526627
CESSNA C-172M,7,7,3,1.0,0.6011834319526627
PIPER PA-28-180D,7,7,5,1.0,0.6011834319526627
PITTS S1S,7,7,1,1.0,0.6011834319526627
MORRISEY 2150A,7,7,4,1.0,0.6011834319526627
PITTS SPECIAL S-1C,7,7,0,1.0,0.6011834319526627
COMMONWEALTH 185,7,7,3,1.0,0.6011834319526627
MAULE MX-7-180A,7,7,0,1.0,0.6011834319526627
HUGHES 500,7,7,2,1.0,0.6011834319526627
PIPER PA-25-235C,7,7,2,1.0,0.6011834319526627
BOEING A75N1,107,104,7,0.9719626168224299,0.6012671727984452
BEECH 65-B80,8,8,5,1.0,0.601352493660186
PIPER PA 28R-201,8,8,5,1.0,0.601352493660186
SCHWEIZER SGS 1-36,8,8,3,1.0,0.601352493660186
CESSNA 180E,8,8,1,1.0,0.601352493660186
PIPER PA-30-160,8,8,8,1.0,0.601352493660186
CESSNA 337F,8,8,5,1.0,0.601352493660186
GRUMMAN AA1,8,8,5,1.0,0.601352493660186
PIPER PA-32RT,8,8,2,1.0,0.601352493660186
ERCOUPE 415C,8,8,0,1.0,0.601352493660186
EUROCOPTER AS350B2,8,8,8,1.0,0.601352493660186
HAWKER BEECHCRAFT CORP G36,8,8,2,1.0,0.601352493660186
SILVAIRE LUSCOMBE 8A,8,8,4,1.0,0.601352493660186
BARNES AX-7,8,8,0,1.0,0.601352493660186
GRUMMAN 164B,8,8,0,1.0,0.601352493660186
GATES LEARJET CORP. 35A,8,8,11,1.0,0.601352493660186
PIPER PA 28-236,8,8,6,1.0,0.601352493660186
BALLOON WORKS FIREFLY 8-24,8,8,0,1.0,0.601352493660186
GRUMMAN ACFT ENG COR-SCHWEIZER G 164A,8,8,0,1.0,0.601352493660186
BELL 47G5,8,8,2,1.0,0.601352493660186
BELL 47G-2A-1,8,8,4,1.0,0.601352493660186
TAYLORCRAFT BC12 D,8,8,0,1.0,0.601352493660186
LEARJET 23,8,8,7,1.0,0.601352493660186
PIPER PA 18A 150,8,8,0,1.0,0.601352493660186
BELL 206L4,8,8,11,1.0,0.601352493660186
FORNEY F-1,8,8,1,1.0,0.601352493660186
FAIRCHILD M-62A-3,8,8,6,1.0,0.601352493660186
PIPER J3L-65,8,8,2,1.0,0.601352493660186
CESSNA 210-5,8,8,5,1.0,0.601352493660186
PIPER PA-12-150,8,8,6,1.0,0.601352493660186
EVEKTOR-AEROTECHNIK AS SPORTSTAR PLUS,8,8,2,1.0,0.601352493660186
STINSON V77,8,8,2,1.0,0.601352493660186
LEARJET 25,8,8,9,1.0,0.601352493660186
PIPER PA 24,8,8,2,1.0,0.601352493660186
BELL 206-B,8,8,2,1.0,0.601352493660186
TAYLORCRAFT BC12-D1,8,8,4,1.0,0.601352493660186
"SMITH, TED AEROSTAR AEROSTAR 601",8,8,4,1.0,0.601352493660186
BELL 206L1,8,8,3,1.0,0.601352493660186
CESSNA 401B,8,8,0,1.0,0.601352493660186
GRUMMAN ACFT ENG COR-SCHWEIZER G 164B,8,8,0,1.0,0.601352493660186
SCHWEIZER SGS2-33A,8,8,0,1.0,0.601352493660186
CESSNA T-188C,8,8,0,1.0,0.601352493660186
AERO COMMANDER S-2R,8,8,3,1.0,0.601352493660186
CESSNA TU206A,8,8,1,1.0,0.601352493660186
MAULE M-5-220C,8,8,4,1.0,0.601352493660186
BOEING A-75,8,8,1,1.0,0.601352493660186
NAVION NAVION G,8,8,0,1.0,0.601352493660186
BEECH C-24R,8,8,0,1.0,0.601352493660186
QUICKSILVER MXL II,8,8,1,1.0,0.601352493660186
BOEING D75N1,8,8,0,1.0,0.601352493660186
BUSHBY MUSTANG II,8,8,5,1.0,0.601352493660186
MOONEY M-20K,8,8,4,1.0,0.601352493660186
AIR TRACTOR AT-402B,8,8,2,1.0,0.601352493660186
AMERICAN CHAMPION (ACAC) 8GCBC,8,8,1,1.0,0.601352493660186
MAULE MT-7-235,8,8,0,1.0,0.601352493660186
AERO COMMANDER 685,8,8,6,1.0,0.601352493660186
BRITTEN-NORMAN BN-2A,8,8,5,1.0,0.601352493660186
BUCKEYE DREAM MACHINE,8,8,3,1.0,0.601352493660186
BEECH H18,8,8,17,1.0,0.601352493660186
CESSNA 172 RG,8,8,7,1.0,0.601352493660186
ZENITH CH601,8,8,3,1.0,0.601352493660186
BURKHART GROB G-103A,8,8,0,1.0,0.601352493660186
BOEING STEARMAN E75,8,8,1,1.0,0.601352493660186
BEECH B95A,8,8,10,1.0,0.601352493660186
PITTS S-1,8,8,3,1.0,0.601352493660186
CESSNA T337,8,8,5,1.0,0.601352493660186
LET L 23 SUPER BLANIK,8,8,2,1.0,0.601352493660186
EAGLE DW-1,8,8,0,1.0,0.601352493660186
BEECH BE-36,8,8,8,1.0,0.601352493660186
MCDONNELL DOUGLAS HELI CO 369FF,8,8,3,1.0,0.601352493660186
ROCKWELL 690,8,8,10,1.0,0.601352493660186
AIRBUS AS350,8,8,1,1.0,0.601352493660186
WACO YMF-5,8,8,0,1.0,0.601352493660186
BEECH B-55,8,8,3,1.0,0.601352493660186
PIPER J-3C-65,8,8,0,1.0,0.601352493660186
PIPER AEROSTAR 600,8,8,6,1.0,0.601352493660186
BELLANCA 7ACA,8,8,3,1.0,0.601352493660186
AVIAT AIRCRAFT INC A 1B,8,8,0,1.0,0.601352493660186
BELLANCA 14-19-3,8,8,5,1.0,0.601352493660186
CESSNA 172A,64,63,11,0.984375,0.6014449492814877
CHRISTEN INDUSTRIES EAGLE II,9,9,7,1.0,0.6015215553677092
MCCULLOCH J-2,9,9,3,1.0,0.6015215553677092
AMERICAN CHAMPION (ACAC) 8KCAB,9,9,7,1.0,0.6015215553677092
ROBINSON HELICOPTER R22 BETA II,9,9,5,1.0,0.6015215553677092
PIPER PA 32R-300,9,9,9,1.0,0.6015215553677092
BELL 206L-4,9,9,14,1.0,0.6015215553677092
ROCKWELL 112,9,9,10,1.0,0.6015215553677092
HUGHES TH-55A,9,9,0,1.0,0.6015215553677092
PITTS S1C,9,9,0,1.0,0.6015215553677092
RAYTHEON AIRCRAFT COMPANY G36,9,9,11,1.0,0.6015215553677092
"SMITH, TED AEROSTAR 601P",9,9,3,1.0,0.6015215553677092
BELL 47-G2,9,9,0,1.0,0.6015215553677092
WACO YMF,9,9,0,1.0,0.6015215553677092
SNOW 600-S2C,9,9,2,1.0,0.6015215553677092
CESSNA P206C,9,9,10,1.0,0.6015215553677092
CESSNA TU-206G,9,9,5,1.0,0.6015215553677092
CESSNA P206A,9,9,5,1.0,0.6015215553677092
PITTS S2,9,9,8,1.0,0.6015215553677092
SUKHOI SU-29,9,9,4,1.0,0.6015215553677092
CESSNA P210R,9,9,7,1.0,0.6015215553677092
PIPER PA 20,9,9,0,1.0,0.6015215553677092
CESSNA 210-5(205),9,9,6,1.0,0.6015215553677092
ROLLADEN-SCHNEIDER LS-4,9,9,1,1.0,0.6015215553677092
ROCKWELL 690A,9,9,10,1.0,0.6015215553677092
BEECH 56TC,9,9,5,1.0,0.6015215553677092
PIPER PA-18-105 SPECIAL,9,9,1,1.0,0.6015215553677092
PIPER J3C 65,9,9,0,1.0,0.6015215553677092
AIR TRACTOR AT-301A,9,9,0,1.0,0.6015215553677092
TAYLORCRAFT DC-65,9,9,0,1.0,0.6015215553677092
CESSNA C-172,9,9,3,1.0,0.6015215553677092
BOEING A75N1 (PT17),9,9,1,1.0,0.6015215553677092
AIR TRACTOR 502B,9,9,5,1.0,0.6015215553677092
NORTH AMERICAN SNJ-2,9,9,3,1.0,0.6015215553677092
BELL 206-L1,9,9,7,1.0,0.6015215553677092
CESSNA 510,9,9,1,1.0,0.6015215553677092
BELL 206-B3,9,9,6,1.0,0.6015215553677092
EUROCOPTER EC130,9,9,6,1.0,0.6015215553677092
CESSNA A-188B,9,9,1,1.0,0.6015215553677092
SCHLEICHER ASW-27,9,9,3,1.0,0.6015215553677092
AVIAT AIRCRAFT INC A-1C-200,9,9,2,1.0,0.6015215553677092
EUROCOPTER AS-350-B2,9,9,6,1.0,0.6015215553677092
PIPER AEROSTAR 602P,9,9,3,1.0,0.6015215553677092
PIPER J-3C,9,9,2,1.0,0.6015215553677092
AIR & SPACE 18A,9,9,1,1.0,0.6015215553677092
AGUSTA A119,9,9,11,1.0,0.6015215553677092
BEECH 95-B55B,9,9,11,1.0,0.6015215553677092
PIPER PA18-150,9,9,1,1.0,0.6015215553677092
LEARJET 55,9,9,4,1.0,0.6015215553677092
RYAN NAVION B,9,9,6,1.0,0.6015215553677092
NORTH AMERICAN NAVION A,9,9,3,1.0,0.6015215553677092
PIPER PA36,9,9,2,1.0,0.6015215553677092
CESSNA 320B,9,9,7,1.0,0.6015215553677092
AERONCA 11CC,9,9,2,1.0,0.6015215553677092
LAKE LA-250,9,9,4,1.0,0.6015215553677092
COSTRUZIONI AERONAUTICHE TECNA P2004 BRAVO,9,9,1,1.0,0.6015215553677092
ROTORWAY 162F,9,9,1,1.0,0.6015215553677092
DE HAVILLAND DH-82A,9,9,1,1.0,0.6015215553677092
RUTAN VARIEZE,9,9,1,1.0,0.6015215553677092
HELIO H-391B,9,9,0,1.0,0.6015215553677092
RYAN AERONAUTICAL ST3KR,9,9,3,1.0,0.6015215553677092
PIPER PA38-112,9,9,2,1.0,0.6015215553677092
NORTH AMERICAN AT-6C,9,9,1,1.0,0.6015215553677092
BOEING PT-17,9,9,2,1.0,0.6015215553677092
NORTH AMERICAN SNJ-6,10,10,4,1.0,0.6016906170752324
HILLER UH 12E,10,10,4,1.0,0.6016906170752324
NORTH AMERICAN F-51D,10,10,7,1.0,0.6016906170752324
MITSUBISHI MU-2B-40,10,10,10,1.0,0.6016906170752324
PIPER PA 16,10,10,0,1.0,0.6016906170752324
MOONEY AIRPLANE CO INC M20TN,10,10,1,1.0,0.6016906170752324
MAULE MXT-7-180A,10,10,2,1.0,0.6016906170752324
VANS AIRCRAFT INC RV-12,10,10,4,1.0,0.6016906170752324
MAULE M-7-235B,10,10,0,1.0,0.6016906170752324
BEECH BE-77,10,10,1,1.0,0.6016906170752324
VANS RV 6,10,10,2,1.0,0.6016906170752324
MAULE MX-7-180,10,10,0,1.0,0.6016906170752324
AERO COMMANDER 690,10,10,5,1.0,0.6016906170752324
TAYLORCRAFT BC12,10,10,3,1.0,0.6016906170752324
AERO COMMANDER 680,10,10,10,1.0,0.6016906170752324
NORTH AMERICAN AT-6,10,10,3,1.0,0.6016906170752324
HOWARD AIRCRAFT CORP. DGA-15P,10,10,0,1.0,0.6016906170752324
CESSNA 185C,10,10,1,1.0,0.6016906170752324
PIPER PA 18-135,10,10,0,1.0,0.6016906170752324
NORTH AMERICAN T-28A,10,10,3,1.0,0.6016906170752324
GATES LEARJET 25B,10,10,6,1.0,0.6016906170752324
CHAMPION 8GCBC,10,10,4,1.0,0.6016906170752324
AYRES S2R-T15,10,10,3,1.0,0.6016906170752324
PIPER PA-22/20,10,10,0,1.0,0.6016906170752324
BEECH 35-C33A,10,10,9,1.0,0.6016906170752324
PIPER PA-28-200,10,10,6,1.0,0.6016906170752324
GRUMMAN ACFT ENG COR-SCHWEIZER G-164A,10,10,1,1.0,0.6016906170752324
ENSTROM F28F,10,10,3,1.0,0.6016906170752324
PIPER PA28R-200,10,10,4,1.0,0.6016906170752324
EXTRA FLUGZEUGBAU GMBH EA 300/L,10,10,4,1.0,0.6016906170752324
AEROSPATIALE SA-315B,10,10,0,1.0,0.6016906170752324
DOUGLAS DC3,10,10,17,1.0,0.6016906170752324
BURKHART GROB G 103 TWIN II,10,10,1,1.0,0.6016906170752324
PIPER PA60,10,10,11,1.0,0.6016906170752324
ROTORWAY EXEC 162F,10,10,4,1.0,0.6016906170752324
BENSON B8M,10,10,2,1.0,0.6016906170752324
SIKORSKY S-55B,10,10,1,1.0,0.6016906170752324
PZL-MIELEC M-18A,10,10,0,1.0,0.6016906170752324
CESSNA 336,10,10,5,1.0,0.6016906170752324
AIR TRACTOR AT-400A,10,10,1,1.0,0.6016906170752324
PIPER PA24-250,10,10,1,1.0,0.6016906170752324
PIPER PA22-150,10,10,4,1.0,0.6016906170752324
CESSNA T188,10,10,2,1.0,0.6016906170752324
CESSNA T206,10,10,5,1.0,0.6016906170752324
BELL 47-D1,10,10,0,1.0,0.6016906170752324
GULFSTREAM AMERICAN AA-5A,10,10,9,1.0,0.6016906170752324
AIR TRACTOR INC AT 802,10,10,0,1.0,0.6016906170752324
CESSNA T210J,10,10,7,1.0,0.6016906170752324
BELLANCA 14-13,10,10,1,1.0,0.6016906170752324
AERONCA O-58B,10,10,4,1.0,0.6016906170752324
BELL TH-13T,10,10,0,1.0,0.6016906170752324
PIPER PA32-300,10,10,9,1.0,0.6016906170752324
BELL 47-G5,10,10,1,1.0,0.6016906170752324
ROCKWELL INTERNATIONAL 114,10,10,2,1.0,0.6016906170752324
PIPER PA 46 350P,10,10,13,1.0,0.6016906170752324
CESSNA U206A,10,10,2,1.0,0.6016906170752324
AEROSPATIALE AS-350B,10,10,12,1.0,0.6016906170752324
CESSNA U206B,10,10,7,1.0,0.6016906170752324
BELLANCA 14-19,10,10,2,1.0,0.6016906170752324
CHAMPION 7GCBC,65,64,12,0.9846153846153847,0.6017582417582418
STEEN SKYBOLT,11,11,6,1.0,0.6018596787827557
NORTH AMERICAN T-28C,11,11,7,1.0,0.6018596787827557
PIPER PA28-161,11,11,10,1.0,0.6018596787827557
SCHWEIZER 2-33A,11,11,0,1.0,0.6018596787827557
PILATUS PC-12/45,11,11,27,1.0,0.6018596787827557
DIAMOND AIRCRAFT INDUSTRIES DA 20-A1,11,11,0,1.0,0.6018596787827557
ROBINSON R44 - II,11,11,14,1.0,0.6018596787827557
CESSNA P337H,11,11,5,1.0,0.6018596787827557
AIR TRACTOR AT-402A,11,11,2,1.0,0.6018596787827557
CAMERON V-77,11,11,2,1.0,0.6018596787827557
CALLAIR A-9,11,11,1,1.0,0.6018596787827557
MOONEY M-20F,11,11,2,1.0,0.6018596787827557
BLANIK L-13,11,11,1,1.0,0.6018596787827557
AERO COMMANDER 680FL,11,11,10,1.0,0.6018596787827557
PITTS S2B,11,11,2,1.0,0.6018596787827557
CHRISTEN INDUSTRIES PITTS S-2B,11,11,8,1.0,0.6018596787827557
NAVAL AIRCRAFT FACTORY N3N-3,11,11,2,1.0,0.6018596787827557
PITTS S-1S,11,11,0,1.0,0.6018596787827557
CIRRUS SR-22,11,11,15,1.0,0.6018596787827557
DIAMOND AIRCRAFT IND INC DA 20 C1,11,11,0,1.0,0.6018596787827557
MOONEY M20G,11,11,2,1.0,0.6018596787827557
AVIAT PITTS S-2B,11,11,5,1.0,0.6018596787827557
MITSUBISHI MU-2B-20,11,11,3,1.0,0.6018596787827557
ERCOUPE (ENG & RESEARCH CORP.) 415-CD,11,11,4,1.0,0.6018596787827557
PIPER PA-22-20,11,11,2,1.0,0.6018596787827557
CESSNA 335,11,11,11,1.0,0.6018596787827557
FLIGHT DESIGN CTLS,11,11,1,1.0,0.6018596787827557
AEROSTAR RX-8,11,11,0,1.0,0.6018596787827557
BELL 47D-1,11,11,0,1.0,0.6018596787827557
SNOW S2C,11,11,1,1.0,0.6018596787827557
PIPER PA-30B,11,11,5,1.0,0.6018596787827557
SOCATA TB-20,11,11,6,1.0,0.6018596787827557
BELL OH 58A,11,11,0,1.0,0.6018596787827557
CESSNA 210H,11,11,17,1.0,0.6018596787827557
SCHWEIZER SGS 1-26B,11,11,3,1.0,0.6018596787827557
CESSNA 320C,11,11,12,1.0,0.6018596787827557
GRUMMAN AA-1,11,11,5,1.0,0.6018596787827557
EUROCOPTER EC120B,11,11,8,1.0,0.6018596787827557
SMITH AEROSTAR 601P,11,11,10,1.0,0.6018596787827557
GRUMMAN AA1B,12,12,2,1.0,0.6020287404902789
BEECH F90,12,12,3,1.0,0.6020287404902789
PIPER J3-C65,12,12,0,1.0,0.6020287404902789
MBB BO-105S,12,12,6,1.0,0.6020287404902789
NAVION G,12,12,7,1.0,0.6020287404902789
PITTS S-2A,12,12,4,1.0,0.6020287404902789
PIPER PA-18A 150,12,12,0,1.0,0.6020287404902789
HUGHES TH-55,12,12,3,1.0,0.6020287404902789
QUICKIE Q2,12,12,1,1.0,0.6020287404902789
KAMAN K-1200,12,12,3,1.0,0.6020287404902789
PIPER PA-17,12,12,2,1.0,0.6020287404902789
HUGHES 269,12,12,0,1.0,0.6020287404902789
RAVEN S55A,12,12,0,1.0,0.6020287404902789
CESSNA R172,12,12,2,1.0,0.6020287404902789
GULFSTREAM AEROSPACE G-IV,12,12,4,1.0,0.6020287404902789
AIR TRACTOR INC AT 602,12,12,6,1.0,0.6020287404902789
AERO COMMANDER 200D,12,12,2,1.0,0.6020287404902789
CHAMPION 8KCAB,12,12,6,1.0,0.6020287404902789
ROTORWAY EXEC,12,12,2,1.0,0.6020287404902789
CESSNA C172,12,12,0,1.0,0.6020287404902789
CZECH SPORT AIRCRAFT AS PIPER SPORT,12,12,5,1.0,0.6020287404902789
ERCOUPE (ENG & RESEARCH CORP.) 415-D,12,12,5,1.0,0.6020287404902789
EMBRAER EMB145,12,12,0,1.0,0.6020287404902789
BELLANCA 14-19-3A,12,12,14,1.0,0.6020287404902789
PIPER PA-44-180T,12,12,3,1.0,0.6020287404902789
SCHLEICHER ASK-21,12,12,4,1.0,0.6020287404902789
SCHEMPP-HIRTH STANDARD CIRRUS,12,12,6,1.0,0.6020287404902789
AERO COMMANDER CALLAIR A-9B,12,12,1,1.0,0.6020287404902789
PIPER PA-39,12,12,6,1.0,0.6020287404902789
BRANTLY HELICOPTER B-2,12,12,3,1.0,0.6020287404902789
BOEING E75N1,12,12,2,1.0,0.6020287404902789
BRANTLY B-2B,12,12,4,1.0,0.6020287404902789
NORTH AMERICAN AT-6G,12,12,0,1.0,0.6020287404902789
PIPER PA-28-236,66,65,43,0.9848484848484849,0.6020671636056252
AIR TRACTOR AT 602,13,13,0,1.0,0.6021978021978022
TAYLORCRAFT BC12-65,13,13,3,1.0,0.6021978021978022
AVIAT AIRCRAFT INC A-1C-180,13,13,1,1.0,0.6021978021978022
ROCKWELL 690B,13,13,11,1.0,0.6021978021978022
WEATHERLY 620,13,13,2,1.0,0.6021978021978022
GRUMMAN 164A,13,13,1,1.0,0.6021978021978022
CESSNA T210G,13,13,9,1.0,0.6021978021978022
CESSNA 210J,13,13,5,1.0,0.6021978021978022
BELLANCA 14-13-2,13,13,1,1.0,0.6021978021978022
AIR TRACTOR INC AT 502,13,13,2,1.0,0.6021978021978022
BELL 47,13,13,1,1.0,0.6021978021978022
HELIO H-250,13,13,2,1.0,0.6021978021978022
HILLER FH-1100,13,13,6,1.0,0.6021978021978022
AYRES S2R-G6,13,13,1,1.0,0.6021978021978022
BOEING STEARMAN A75N1,13,13,2,1.0,0.6021978021978022
AMERICAN AVIATION CORP. (AAC) AA-1A,13,13,6,1.0,0.6021978021978022
THORP T-18,13,13,9,1.0,0.6021978021978022
AMERICAN LEGEND AIRCRAFT CO AL3,13,13,0,1.0,0.6021978021978022
TAYLORCRAFT BC-65,13,13,5,1.0,0.6021978021978022
GARLICK UH-1H,13,13,3,1.0,0.6021978021978022
GRUMMAN AA-1C,13,13,1,1.0,0.6021978021978022
BEECH A45,13,13,11,1.0,0.6021978021978022
BEECH F-33A,13,13,10,1.0,0.6021978021978022
EIPPER QUICKSILVER MX,13,13,7,1.0,0.6021978021978022
CESSNA 310H,13,13,23,1.0,0.6021978021978022
CESSNA 525A,13,13,4,1.0,0.6021978021978022
CESSNA 310F,13,13,4,1.0,0.6021978021978022
CESSNA 337C,13,13,7,1.0,0.6021978021978022
CZECH AIRCRAFT WORKS SPOL SRO SPORTCRUISER,13,13,1,1.0,0.6021978021978022
PIPER PA 22-150,13,13,4,1.0,0.6021978021978022
ARTIC AIRCRAFT CORP. S-1B2,13,13,4,1.0,0.6021978021978022
CESSNA 310G,13,13,11,1.0,0.6021978021978022
HILLER 12E,13,13,0,1.0,0.6021978021978022
BEECH F33A,110,107,60,0.9727272727272728,0.6022331514639206
AYRES CORPORATION S2R-T34,14,14,2,1.0,0.6023668639053255
AIR TRACTOR INC AT-502,14,14,1,1.0,0.6023668639053255
PIPER PA-25-150,14,14,5,1.0,0.6023668639053255
AERONCA 11BC,14,14,1,1.0,0.6023668639053255
CESSNA T207,14,14,4,1.0,0.6023668639053255
ROBINSON R-22A,14,14,1,1.0,0.6023668639053255
PIPER PA-18-105,14,14,0,1.0,0.6023668639053255
PIPER PA 32-300,14,14,3,1.0,0.6023668639053255
HILLER UH12E,14,14,0,1.0,0.6023668639053255
PIPER PA 25-235,14,14,2,1.0,0.6023668639053255
MAULE M7,14,14,6,1.0,0.6023668639053255
PIPER PA 22,14,14,0,1.0,0.6023668639053255
MAULE M-7-235C,14,14,1,1.0,0.6023668639053255
"SMITH, TED AEROSTAR AEROSTAR 600",14,14,14,1.0,0.6023668639053255
CESSNA 310B,14,14,5,1.0,0.6023668639053255
CESSNA 180F,14,14,5,1.0,0.6023668639053255
BEECH 95B55,14,14,16,1.0,0.6023668639053255
CESSNA 210C,14,14,3,1.0,0.6023668639053255
AMERICAN AA-1A,14,14,9,1.0,0.6023668639053255
RAVEN S-60A,14,14,1,1.0,0.6023668639053255
SWEARINGEN SA-226T,14,14,1,1.0,0.6023668639053255
BEECH B95,14,14,16,1.0,0.6023668639053255
QUAD CITY CHALLENGER,14,14,7,1.0,0.6023668639053255
CHAMPION 7GC,14,14,1,1.0,0.6023668639053255
PIPER PA46-500TP,14,14,11,1.0,0.6023668639053255
ENSTROM F28,14,14,5,1.0,0.6023668639053255
BEECH B-19,14,14,1,1.0,0.6023668639053255
BEECH BE-76,14,14,8,1.0,0.6023668639053255
BEECH 33,14,14,6,1.0,0.6023668639053255
PIPER PA28-180,14,14,1,1.0,0.6023668639053255
PIPER PA30,14,14,12,1.0,0.6023668639053255
GLOBE GC-1B,67,66,19,0.9850746268656716,0.6023719105234605
BEECH 58P,67,66,57,0.9850746268656716,0.6023719105234605
CESSNA 150E,67,66,12,0.9850746268656716,0.6023719105234605
FLIGHT DESIGN CTSW,15,15,2,1.0,0.6025359256128486
BELL 206B-3,15,15,7,1.0,0.6025359256128486
CESSNA 210F,15,15,3,1.0,0.6025359256128486
CESSNA 310P,15,15,6,1.0,0.6025359256128486
AEROSPATIALE AS350BA,15,15,18,1.0,0.6025359256128486
ENSTROM F28A,15,15,2,1.0,0.6025359256128486
CESSNA 320E,15,15,17,1.0,0.6025359256128486
BELL 47G3B1,15,15,0,1.0,0.6025359256128486
BURKHART GROB G103,15,15,0,1.0,0.6025359256128486
DE HAVILLAND DHC-6-200,15,15,22,1.0,0.6025359256128486
BELL 47G-3B-2,15,15,1,1.0,0.6025359256128486
PIPER PA 28R-200,15,15,5,1.0,0.6025359256128486
SCHWEIZER 300C,15,15,0,1.0,0.6025359256128486
CESSNA 172Q,15,15,1,1.0,0.6025359256128486
CESSNA T182,15,15,8,1.0,0.6025359256128486
AMERICAN CHAMPION AIRCRAFT 7GCBC,15,15,5,1.0,0.6025359256128486
CIRRUS DESIGN CORP SR22T,15,15,7,1.0,0.6025359256128486
BELL 47G-3B,15,15,0,1.0,0.6025359256128486
BEECH 35-33,15,15,10,1.0,0.6025359256128486
CHAMPION 7AC,15,15,4,1.0,0.6025359256128486
HUGHES 369A,15,15,3,1.0,0.6025359256128486
ROBINSON HELICOPTER COMPANY R44,15,15,6,1.0,0.6025359256128486
BEECH B55,15,15,10,1.0,0.6025359256128486
TAYLORCRAFT BC12D,15,15,0,1.0,0.6025359256128486
WSK PZL MIELEC PZL-M-18,15,15,1,1.0,0.6025359256128486
BEECH D17S,15,15,1,1.0,0.6025359256128486
MOONEY M-20J,15,15,8,1.0,0.6025359256128486
AERO COMMANDER 500S,15,15,25,1.0,0.6025359256128486
VANS RV4,15,15,9,1.0,0.6025359256128486
VANS RV6,15,15,6,1.0,0.6025359256128486
HUGHES 269B,68,67,14,0.9852941176470589,0.602672666699816
MAULE M-5-180C,16,16,3,1.0,0.6027049873203719
AEROTEK PITTS S-2A,16,16,10,1.0,0.6027049873203719
BEECH 95-55,16,16,19,1.0,0.6027049873203719
SCHWEIZER SGS 2-33,16,16,0,1.0,0.6027049873203719
CESSNA 172SP,16,16,3,1.0,0.6027049873203719
GULFSTREAM AMERICAN AA-5B,16,16,7,1.0,0.6027049873203719
PIPER PA-15,16,16,3,1.0,0.6027049873203719
PIPER PA-18-125,16,16,9,1.0,0.6027049873203719
BEECH F33,16,16,13,1.0,0.6027049873203719
TAYLORCRAFT F19,16,16,2,1.0,0.6027049873203719
AERO COMMANDER 690A,16,16,22,1.0,0.6027049873203719
AERO COMMANDER 500-B,16,16,12,1.0,0.6027049873203719
AMERICAN CHAMPION AIRCRAFT 8KCAB,16,16,7,1.0,0.6027049873203719
BEECH 19,16,16,2,1.0,0.6027049873203719
DIAMOND AIRCRAFT IND INC DA 20-C1,16,16,2,1.0,0.6027049873203719
BOEING 737 7H4,16,16,1,1.0,0.6027049873203719
AYRES S2R-600,16,16,1,1.0,0.6027049873203719
MD HELICOPTER 369,16,16,7,1.0,0.6027049873203719
ROBINSON R22 BETA II,16,16,4,1.0,0.6027049873203719
CESSNA 320D,16,16,31,1.0,0.6027049873203719
ROCKWELL 112TC,16,16,22,1.0,0.6027049873203719
CESSNA 180D,16,16,2,1.0,0.6027049873203719
BEECH 95-B55 (T42A),16,16,5,1.0,0.6027049873203719
VARGA 2150A,17,17,4,1.0,0.6028740490278952
CESSNA 210G,17,17,6,1.0,0.6028740490278952
CESSNA U206E,17,17,16,1.0,0.6028740490278952
SCHWEIZER SGS 1-34,17,17,4,1.0,0.6028740490278952
GRUMMAN AA5B,17,17,6,1.0,0.6028740490278952
AERO COMMANDER 100-180,17,17,6,1.0,0.6028740490278952
SCHWEIZER SGS 2-32,17,17,3,1.0,0.6028740490278952
RYAN NAVION A,17,17,8,1.0,0.6028740490278952
MOONEY M-20C,17,17,13,1.0,0.6028740490278952
CESSNA A188A,17,17,2,1.0,0.6028740490278952
MAULE MX-7-235,17,17,1,1.0,0.6028740490278952
CESSNA 310I,17,17,15,1.0,0.6028740490278952
AIR TRACTOR AT-402,17,17,3,1.0,0.6028740490278952
I.C.A. BRASOV IS-28B2,17,17,2,1.0,0.6028740490278952
TAYLORCRAFT BL-65,17,17,4,1.0,0.6028740490278952
PIPER PA-60-602P,17,17,11,1.0,0.6028740490278952
TAYLORCRAFT F-19,17,17,2,1.0,0.6028740490278952
BEECH B100,17,17,20,1.0,0.6028740490278952
PIPER J-3,69,68,10,0.9855072463768116,0.602969605645191
PIPER PA-28RT-201T,69,68,31,0.9855072463768116,0.602969605645191
AERO COMMANDER 112,18,18,12,1.0,0.6030431107354184
MCDONNELL DOUGLAS 369D,18,18,16,1.0,0.6030431107354184
AIR TRACTOR 301,18,18,2,1.0,0.6030431107354184
DIAMOND DA20,18,18,3,1.0,0.6030431107354184
CESSNA 150A,18,18,5,1.0,0.6030431107354184
BEECH 35-A33,18,18,2,1.0,0.6030431107354184
CESSNA 185A,18,18,4,1.0,0.6030431107354184
ROBINSON HELICOPTER CO R66,18,18,11,1.0,0.6030431107354184
PIPER PA-28-201T,18,18,12,1.0,0.6030431107354184
BEECH E55,18,18,10,1.0,0.6030431107354184
PIPER PA-18-180,18,18,2,1.0,0.6030431107354184
BELL 47G-5A,18,18,2,1.0,0.6030431107354184
ROBINSON R22A,18,18,7,1.0,0.6030431107354184
CESSNA T210K,18,18,7,1.0,0.6030431107354184
CESSNA 421A,18,18,22,1.0,0.6030431107354184
PIPER PA32RT,18,18,9,1.0,0.6030431107354184
MAULE M5,18,18,3,1.0,0.6030431107354184
BELL 206BIII,18,18,11,1.0,0.6030431107354184
SCHWEIZER SGS 1-26E,18,18,2,1.0,0.6030431107354184
AEROSPATIALE SA316B,18,18,4,1.0,0.6030431107354184
NORTH AMERICAN T-28B,18,18,11,1.0,0.6030431107354184
MAULE M-4-210C,18,18,5,1.0,0.6030431107354184
MAULE MX7,18,18,0,1.0,0.6030431107354184
HILLER UH-12D,18,18,1,1.0,0.6030431107354184
PIPER PA-46,18,18,13,1.0,0.6030431107354184
ENSTROM 280FX,19,19,6,1.0,0.6032121724429417
PIPER PA 24-250,19,19,9,1.0,0.6032121724429417
CESSNA 152 II,19,19,4,1.0,0.6032121724429417
AVIAT A1,19,19,1,1.0,0.6032121724429417
GULFSTREAM-SCHWEIZER G-164B,19,19,1,1.0,0.6032121724429417
YAKOVLEV YAK 52,19,19,18,1.0,0.6032121724429417
BELL 47G-3B1,19,19,7,1.0,0.6032121724429417
AIR TRACTOR INC AT 502B,19,19,5,1.0,0.6032121724429417
ERCOUPE 415,19,19,1,1.0,0.6032121724429417
BEECH E35,19,19,6,1.0,0.6032121724429417
AERONCA 7DC,19,19,3,1.0,0.6032121724429417
BEECH 58TC,19,19,21,1.0,0.6032121724429417
RYAN ST3KR,19,19,6,1.0,0.6032121724429417
PIPER PA 30,19,19,6,1.0,0.6032121724429417
CHRISTEN INDUSTRIES A-1,19,19,5,1.0,0.6032121724429417
GRUMMAN G-44,19,19,2,1.0,0.6032121724429417
BEECH BE-35,20,20,13,1.0,0.6033812341504649
PIPER PA-24-400,20,20,5,1.0,0.6033812341504649
TAYLORCRAFT DCO-65,20,20,6,1.0,0.6033812341504649
MAULE M-4,20,20,6,1.0,0.6033812341504649
BELL OH-58C,20,20,5,1.0,0.6033812341504649
RAYTHEON AIRCRAFT COMPANY A36,20,20,16,1.0,0.6033812341504649
MOONEY M20D,20,20,8,1.0,0.6033812341504649
PIPER 601P,20,20,19,1.0,0.6033812341504649
GRUMMAN AMERICAN AA-1C,20,20,8,1.0,0.6033812341504649
GRUMMAN G164A,20,20,5,1.0,0.6033812341504649
BEECH 19A,20,20,16,1.0,0.6033812341504649
WEATHERLY 620B,20,20,5,1.0,0.6033812341504649
PIPER AEROSTAR 601P,20,20,21,1.0,0.6033812341504649
AYRES S-2R,20,20,4,1.0,0.6033812341504649
WEATHERLY 201C,20,20,2,1.0,0.6033812341504649
PIPER PA 28-161,20,20,1,1.0,0.6033812341504649
CESSNA 180G,20,20,8,1.0,0.6033812341504649
CESSNA 402A,20,20,9,1.0,0.6033812341504649
CHAMPION 7GCB,20,20,1,1.0,0.6033812341504649
BRANTLY HELICOPTER B-2B,20,20,1,1.0,0.6033812341504649
CESSNA 175B,20,20,7,1.0,0.6033812341504649
BELL 206,168,161,130,0.9583333333333334,0.6034023668639052
CESSNA 150B,21,21,5,1.0,0.6035502958579881
EVEKTOR-AEROTECHNIK AS SPORTSTAR,21,21,0,1.0,0.6035502958579881
ROBINSON HELICOPTER R22,21,21,0,1.0,0.6035502958579881
AEROSPATIALE SA315B,21,21,4,1.0,0.6035502958579881
CESSNA 190,21,21,4,1.0,0.6035502958579881
HILLER UH-12C,21,21,1,1.0,0.6035502958579881
GRUMMAN AA5,21,21,6,1.0,0.6035502958579881
NORTH AMERICAN P-51D,21,21,14,1.0,0.6035502958579881
AIR TRACTOR AT802,21,21,10,1.0,0.6035502958579881
SCHWEIZER SGS-2-33A,21,21,0,1.0,0.6035502958579881
GRUMMAN G164B,21,21,0,1.0,0.6035502958579881
ROCKWELL 112A,21,21,5,1.0,0.6035502958579881
CESSNA 340,71,70,66,0.9859154929577465,0.6035526770087983
PIPER PA-32RT-300,71,70,61,0.9859154929577465,0.6035526770087983
BEECH A100,22,22,28,1.0,0.6037193575655114
MCDONNELL DOUGLAS HELICOPTER 369E,22,22,3,1.0,0.6037193575655114
PIPER PA-28-150,22,22,1,1.0,0.6037193575655114
BEECH BE-23,22,22,4,1.0,0.6037193575655114
HILLER UH-12B,22,22,0,1.0,0.6037193575655114
FLIGHT DESIGN GMBH CTSW,23,23,2,1.0,0.6038884192730346
CESSNA A150M,23,23,4,1.0,0.6038884192730346
AERONCA 7EC,23,23,5,1.0,0.6038884192730346
NAVION A,23,23,5,1.0,0.6038884192730346
DIAMOND AIRCRAFT IND INC DA 40,23,23,7,1.0,0.6038884192730346
PIPER PA-32-301T,23,23,22,1.0,0.6038884192730346
PIPER PA38,23,23,12,1.0,0.6038884192730346
BELLANCA 17-31ATC,23,23,18,1.0,0.6038884192730346
CESSNA 310D,23,23,12,1.0,0.6038884192730346
PIPER PA-36,23,23,4,1.0,0.6038884192730346
CESSNA T210F,23,23,14,1.0,0.6038884192730346
BEECH A23-19,23,23,2,1.0,0.6038884192730346
CESSNA C-152,23,23,4,1.0,0.6038884192730346
CESSNA A150K,23,23,14,1.0,0.6038884192730346
MOONEY M20B,24,24,13,1.0,0.6040574809805579
PIPER PA-36-375,24,24,9,1.0,0.6040574809805579
BEECH D55,24,24,28,1.0,0.6040574809805579
GRUMMAN ACFT ENG COR-SCHWEIZER G-164B,24,24,0,1.0,0.6040574809805579
BEECH 65,24,24,33,1.0,0.6040574809805579
ROCKWELL INTERNATIONAL S-2R,24,24,2,1.0,0.6040574809805579
PIPER PA-32R-301,73,72,78,0.9863013698630136,0.604122326567005
PIPER PA-60-601P,25,25,34,1.0,0.6042265426880812
NORTH AMERICAN T-6G,25,25,15,1.0,0.6042265426880812
BELL 206B-III,25,25,3,1.0,0.6042265426880812
CONSOLIDATED AERONAUTICS INC. LAKE LA-4-200,25,25,0,1.0,0.6042265426880812
CESSNA 320,25,25,11,1.0,0.6042265426880812
CESSNA 337G,25,25,21,1.0,0.6042265426880812
SCHWEIZER G-164A,25,25,3,1.0,0.6042265426880812
CESSNA A150L,25,25,13,1.0,0.6042265426880812
BEECH 60,25,25,17,1.0,0.6042265426880812
AIR TRACTOR AT-602,25,25,5,1.0,0.6042265426880812
CESSNA 188A,25,25,3,1.0,0.6042265426880812
REPUBLIC RC-3,25,25,4,1.0,0.6042265426880812
BEECH 65-A90,25,25,35,1.0,0.6042265426880812
ALON A2,25,25,4,1.0,0.6042265426880812
STINSON 108-3,98,96,19,0.9795918367346939,0.6043231493780944
CESSNA 195,98,96,22,0.9795918367346939,0.6043231493780944
CESSNA R172K,98,96,47,0.9795918367346939,0.6043231493780944
BOEING A75,26,26,4,1.0,0.6043956043956044
NORTH AMERICAN AT-6D,26,26,11,1.0,0.6043956043956044
MAULE M-5,26,26,10,1.0,0.6043956043956044
BEECH D35,26,26,9,1.0,0.6043956043956044
ENSTROM F-28F,26,26,3,1.0,0.6043956043956044
CESSNA 172 M,26,26,4,1.0,0.6043956043956044
ROBINSON HELICOPTER R22 BETA,117,114,20,0.9743589743589743,0.6043956043956044
GRUMMAN AA-1B,26,26,10,1.0,0.6043956043956044
CESSNA 206G,26,26,5,1.0,0.6043956043956044
CESSNA TU206F,26,26,18,1.0,0.6043956043956044
BEECH A36TC,74,73,79,0.9864864864864865,0.604402458248612
MAULE M-6-235,27,27,10,1.0,0.6045646661031276
PIPER PA 18,27,27,0,1.0,0.6045646661031276
BEECH B24R,27,27,19,1.0,0.6045646661031276
EUROCOPTER AS 350 B2,27,27,20,1.0,0.6045646661031276
PIPER PA28-151,27,27,4,1.0,0.6045646661031276
CESSNA TU206,27,27,23,1.0,0.6045646661031276
PITTS S-2B,27,27,11,1.0,0.6045646661031276
CESSNA 210K,27,27,25,1.0,0.6045646661031276
CESSNA 195B,27,27,1,1.0,0.6045646661031276
MAULE M-7-235,27,27,5,1.0,0.6045646661031276
BEECH 95-B55,118,115,106,0.9745762711864406,0.6046950441996074
CESSNA 310L,28,28,7,1.0,0.6047337278106508
AVIAT A-1,28,28,5,1.0,0.6047337278106508
ERCOUPE (ENG & RESEARCH CORP.) 415C,28,28,7,1.0,0.6047337278106508
BELL 47G-4A,28,28,4,1.0,0.6047337278106508
NORTH AMERICAN SNJ-5,28,28,13,1.0,0.6047337278106508
BEECH 35-C33,28,28,17,1.0,0.6047337278106508
SCHLEICHER ASW-20,29,29,9,1.0,0.6049027895181741
PIPER PA-36-300,29,29,6,1.0,0.6049027895181741
CESSNA 310N,29,29,27,1.0,0.6049027895181741
HUGHES 369E,29,29,10,1.0,0.6049027895181741
BELL 47G2,29,29,4,1.0,0.6049027895181741
WEATHERLY 201B,29,29,1,1.0,0.6049027895181741
PIPER PA 28-181,29,29,8,1.0,0.6049027895181741
CESSNA 310K,29,29,24,1.0,0.6049027895181741
CESSNA 310R,119,116,93,0.9747899159663865,0.6049922927750981
EAGLE AIRCRAFT CO. DW-1,30,30,1,1.0,0.6050718512256974
CESSNA A152,30,30,17,1.0,0.6050718512256974
PIPER J5A,30,30,9,1.0,0.6050718512256974
MAULE M-5-210C,30,30,6,1.0,0.6050718512256974
NORTH AMERICAN NAVION,30,30,11,1.0,0.6050718512256974
BEECH A24R,30,30,21,1.0,0.6050718512256974
BEECH N35,30,30,25,1.0,0.6050718512256974
CESSNA 210B,31,31,17,1.0,0.6052409129332206
CESSNA T337G,31,31,35,1.0,0.6052409129332206
BEECH 35-B33,31,31,18,1.0,0.6052409129332206
PIPER PA-18-160,31,31,1,1.0,0.6052409129332206
CESSNA 425,31,31,38,1.0,0.6052409129332206
CESSNA 210E,32,32,17,1.0,0.6054099746407439
WSK PZL MIELEC M-18A,32,32,5,1.0,0.6054099746407439
BEECH F35,32,32,26,1.0,0.6054099746407439
CESSNA 310C,32,32,11,1.0,0.6054099746407439
FAIRCHILD HILLER FH-1100,32,32,28,1.0,0.6054099746407439
MOONEY M20A,32,32,15,1.0,0.6054099746407439
CESSNA 150C,32,32,3,1.0,0.6054099746407439
CIRRUS SR22,102,100,60,0.9803921568627451,0.605479588285018
ROBINSON R44 II,33,33,30,1.0,0.605579036348267
CHAMPION 7FC,33,33,3,1.0,0.605579036348267
CESSNA 175A,33,33,14,1.0,0.605579036348267
BELLANCA 7GCAA,33,33,9,1.0,0.605579036348267
AIR TRACTOR AT301,34,34,3,1.0,0.6057480980557903
CESSNA 205,34,34,40,1.0,0.6057480980557903
AVIAT A-1B,34,34,4,1.0,0.6057480980557903
PIPER PA-36-285,34,34,4,1.0,0.6057480980557903
BEECH C-23,34,34,1,1.0,0.6057480980557903
CESSNA 180B,34,34,11,1.0,0.6057480980557903
LET BLANIK L-13,34,34,0,1.0,0.6057480980557903
LAKE LA-4,34,34,6,1.0,0.6057480980557903
PIPER PA 28-140,34,34,8,1.0,0.6057480980557903
PIPER PA-22-135,79,78,17,0.9873417721518988,0.6057609381854757
RYAN NAVION,35,35,8,1.0,0.6059171597633136
CESSNA 185E,35,35,6,1.0,0.6059171597633136
SOCATA TBM 700,35,35,41,1.0,0.6059171597633136
HUGHES OH-6A,35,35,9,1.0,0.6059171597633136
AERONCA 15AC,35,35,2,1.0,0.6059171597633136
BEECH B23,35,35,14,1.0,0.6059171597633136
BEECH 95,35,35,32,1.0,0.6059171597633136
CESSNA 210A,35,35,7,1.0,0.6059171597633136
ERCOUPE 415-C,36,36,11,1.0,0.6060862214708368
LUSCOMBE 8F,36,36,4,1.0,0.6060862214708368
BEECH A23-24,36,36,12,1.0,0.6060862214708368
BELL 47G-5,36,36,5,1.0,0.6060862214708368
CESSNA 337,36,36,28,1.0,0.6060862214708368
PIPER PA 12,37,37,2,1.0,0.6062552831783601
BOEING E75,37,37,2,1.0,0.6062552831783601
CESSNA 177A,37,37,10,1.0,0.6062552831783601
PIPER PA-18A-150,38,38,10,1.0,0.6064243448858834
MAULE M-4-220C,38,38,2,1.0,0.6064243448858834
BEECH V35A,38,38,20,1.0,0.6064243448858834
PIPER PA24,38,38,15,1.0,0.6064243448858834
HELIO H-295,38,38,6,1.0,0.6064243448858834
PIPER PA-28R-201,82,81,28,0.9878048780487805,0.6065459868461744
CESSNA 140A,39,39,8,1.0,0.6065934065934065
GRUMMAN AA-5A,39,39,10,1.0,0.6065934065934065
PIPER PA-23-150,39,39,17,1.0,0.6065934065934065
BEECH J35,39,39,30,1.0,0.6065934065934065
PIPER PA32R,39,39,31,1.0,0.6065934065934065
GRUMMAN AMERICAN AA-1B,39,39,9,1.0,0.6065934065934065
PIPER PA-31-310,39,39,33,1.0,0.6065934065934065
AYRES S2R-T34,40,40,11,1.0,0.6067624683009298
BEECH 95-C55,40,40,24,1.0,0.6067624683009298
CESSNA U206F,83,82,87,0.9879518072289156,0.6068032060617788
SCHWEIZER 269C-1,41,41,3,1.0,0.606931530008453
PIPER PA-14,41,41,10,1.0,0.606931530008453
CESSNA 195A,41,41,9,1.0,0.606931530008453
BELL 47G-2,84,83,9,0.9880952380952381,0.6070583262890955
BALLOON WORKS FIREFLY 7,42,42,3,1.0,0.6071005917159763
HUGHES 369,42,42,19,1.0,0.6071005917159763
BEECH B35,42,42,14,1.0,0.6071005917159763
GRUMMAN G164,42,42,5,1.0,0.6071005917159763
TAYLORCRAFT BC-12D,42,42,6,1.0,0.6071005917159763
CESSNA T310R,42,42,30,1.0,0.6071005917159763
PIPER PA-16,42,42,8,1.0,0.6071005917159763
GRUMMAN AMERICAN AA-5A,42,42,22,1.0,0.6071005917159763
HUGHES 269A,108,106,13,0.9814814814814815,0.6071475533013995
PIPER PA-25-260,43,43,7,1.0,0.6072696534234996
GRUMMAN AA-5B,43,43,14,1.0,0.6072696534234996
ROCKWELL S2R,43,43,2,1.0,0.6072696534234996
CESSNA 310Q,85,84,47,0.9882352941176471,0.6073114216100641
PIPER PA-28R-201T,85,84,38,0.9882352941176471,0.6073114216100641
MOONEY M20,44,44,14,1.0,0.6074387151310228
GREAT LAKES 2T-1A-2,44,44,6,1.0,0.6074387151310228
ENSTROM 280C,44,44,12,1.0,0.6074387151310228
CESSNA 305A,86,85,10,0.9883720930232558,0.6075625626609525
STINSON 108-1,86,85,10,0.9883720930232558,0.6075625626609525
CESSNA 210D,45,45,15,1.0,0.607607776838546
BOEING B75N1,45,45,4,1.0,0.607607776838546
CESSNA A188,45,45,14,1.0,0.607607776838546
AIR TRACTOR AT-502B,45,45,6,1.0,0.607607776838546
BEECH A35,45,45,29,1.0,0.607607776838546
PIPER PA-32R-300,182,175,143,0.9615384615384616,0.6076923076923076
CESSNA 172C,47,47,16,1.0,0.6079459002535925
LUSCOMBE 8,47,47,6,1.0,0.6079459002535925
CESSNA TR182,111,109,61,0.9819819819819819,0.6079550387242695
PIPER PA-32R-301T,88,87,76,0.9886363636363636,0.6080592484438638
ROBINSON R22B,48,48,15,1.0,0.6081149619611158
LET L-13,48,48,4,1.0,0.6081149619611158
CESSNA 182T,48,48,19,1.0,0.6081149619611158
PIPER PA-28R-180,112,110,78,0.9821428571428571,0.6082206255283178
BEECH B36TC,49,49,38,1.0,0.608284023668639
MOONEY M20F,160,155,96,0.96875,0.6082998732037193
CESSNA 421C,131,128,145,0.9770992366412213,0.6084066256702779
CHAMPION 7GCAA,50,50,12,1.0,0.6084530853761623
CESSNA 150D,50,50,8,1.0,0.6084530853761623
BELL 47D1,50,50,9,1.0,0.6084530853761623
GRUMMAN-SCHWEIZER G-164A,50,50,0,1.0,0.6084530853761623
ROBINSON R-22 BETA,51,51,26,1.0,0.6086221470836856
CHAMPION 7EC,51,51,16,1.0,0.6086221470836856
GRUMMAN AMERICAN AA-5B,51,51,33,1.0,0.6086221470836856
BEECH G35,51,51,29,1.0,0.6086221470836856
CIRRUS DESIGN CORP SR20,51,51,26,1.0,0.6086221470836856
CESSNA 182S,54,54,19,1.0,0.6091293322062553
PIPER PA-25,56,56,13,1.0,0.6094674556213018
CHAMPION 7KCAB,56,56,20,1.0,0.6094674556213018
BEECH 23,94,93,29,0.9893617021276596,0.6095088217837809
CESSNA 310,94,93,57,0.9893617021276596,0.6095088217837809
CESSNA 180A,57,57,3,1.0,0.609636517328825
BEECH A23,57,57,25,1.0,0.609636517328825
CESSNA P210N,189,182,118,0.9629629629629629,0.6097304404996712
PIPER PA-24,58,58,16,1.0,0.6098055790363482
AIR TRACTOR AT-502,58,58,9,1.0,0.6098055790363482
PIPER PA 18-150,59,59,8,1.0,0.6099746407438715
PIPER PA-32,59,59,25,1.0,0.6099746407438715
CESSNA 180H,96,95,15,0.9895833333333334,0.6099799239222317
PIPER PA-11,60,60,14,1.0,0.6101437024513947
PIPER PA-38,60,60,10,1.0,0.6101437024513947
PIPER PA-24-180,98,97,74,0.9897959183673469,0.6104455983576863
GRUMMAN-SCHWEIZER G-164B,62,62,5,1.0,0.6104818258664413
CESSNA 182RG,62,62,12,1.0,0.6104818258664413
MAULE M-5-235C,63,63,22,1.0,0.6106508875739645
CESSNA U206,99,98,70,0.98989898989899,0.6106765029841953
BELL 47G,100,99,20,0.99,0.6109061707523246
BEECH S35,66,66,61,1.0,0.6111580726965342
BEECH 76,66,66,24,1.0,0.6111580726965342
BELL 47G-3B-1,67,67,7,1.0,0.6113271344040575
CESSNA 172E,102,101,20,0.9901960784313726,0.6113619412261946
CESSNA A185,68,68,11,1.0,0.6114961961115807
CESSNA A185E,68,68,8,1.0,0.6114961961115807
PIPER PA-28-160,69,69,28,1.0,0.611665257819104
CESSNA 182F,69,69,25,1.0,0.611665257819104
PIPER PA28R,69,69,31,1.0,0.611665257819104
PIPER PA-23-160,69,69,32,1.0,0.611665257819104
CESSNA R182,126,124,62,0.9841269841269841,0.6117779656241193
CESSNA 120,159,155,19,0.9748427672955975,0.6117864718735546
CESSNA 182K,70,70,14,1.0,0.6118343195266271
CESSNA 185F,105,104,13,0.9904761904761905,0.6120371935756551
AERO COMMANDER S2R,72,72,7,1.0,0.6121724429416737
CESSNA 182H,72,72,23,1.0,0.6121724429416737
CESSNA 340A,106,105,110,0.9905660377358491,0.6122601636389735
CESSNA 172F,129,127,28,0.9844961240310077,0.6125066346891034
CESSNA 182M,74,74,28,1.0,0.6125105663567202
CESSNA 182N,74,74,26,1.0,0.6125105663567202
ROBINSON R-22B,74,74,8,1.0,0.6125105663567202
CESSNA 182E,75,75,34,1.0,0.6126796280642435
ERCOUPE (ENG & RESEARCH CORP.) 415-C,76,76,17,1.0,0.6128486897717667
CESSNA 182G,78,78,32,1.0,0.6131868131868131
CESSNA TU206G,78,78,51,1.0,0.6131868131868131
CESSNA 172D,79,79,21,1.0,0.6133558748943364
BEECH V35,79,79,87,1.0,0.6133558748943364
CESSNA 182L,79,79,35,1.0,0.6133558748943364
LUSCOMBE 8E,80,80,12,1.0,0.6135249366018597
CESSNA 188,112,111,11,0.9910714285714286,0.6135777683854607
ROBINSON R44,267,253,248,0.947565543071161,0.6136788017514033
PIPER PA-34-200T,214,206,146,0.9626168224299065,0.6137492988679185
CESSNA 182J,82,82,28,1.0,0.6138630600169062
BELL 206L-1,153,150,69,0.9803921568627451,0.6141017353687036
CESSNA 180J,84,84,15,1.0,0.6142011834319526
CESSNA 180K,86,86,13,1.0,0.6145393068469991
STINSON 108-2,86,86,21,1.0,0.6145393068469991
HUGHES 369HS,86,86,32,1.0,0.6145393068469991
PIPER PA-24-260,118,117,80,0.9915254237288136,0.6148645357250311
CESSNA 182B,90,90,48,1.0,0.6152155536770921
PIPER PA18,90,90,7,1.0,0.6152155536770921
CESSNA 175,158,155,33,0.9810126582278481,0.6153193447253817
BELLANCA 8KCAB,121,120,53,0.9917355371900827,0.6154977889243624
ROCKWELL S-2R,92,92,16,1.0,0.6155536770921386
BELLANCA 7ECA,122,121,25,0.9918032786885246,0.6157074955309507
PIPER PA-22-108,93,93,16,1.0,0.6157227387996619
HILLER UH-12E,160,157,12,0.98125,0.6157998732037193
CIRRUS DESIGN CORP SR22,144,142,85,0.9861111111111112,0.616011552550014
CESSNA 188B,95,95,8,1.0,0.6160608622147083
SCHWEIZER G-164B,96,96,6,1.0,0.6162299239222316
PIPER PA-22-160,96,96,10,1.0,0.6162299239222316
STINSON 108,97,97,13,1.0,0.6163989856297548
GRUMMAN G-164,98,98,5,1.0,0.6165680473372781
CESSNA 182R,100,100,80,1.0,0.6169061707523246
CESSNA 177RG,236,227,97,0.961864406779661,0.6170172070432827
DE HAVILLAND DHC-2,130,129,103,0.9923076923076923,0.6173626373626374
BELLANCA 17-30A,131,130,61,0.9923664122137404,0.6175669310137895
ROBINSON R-22,131,130,31,0.9923664122137404,0.6175669310137895
ROBINSON R22 BETA,151,149,32,0.9867549668874173,0.6175812979684605
PIPER PA-28,152,150,38,0.9868421052631579,0.617802642701428
CESSNA T188C,106,106,8,1.0,0.6179205409974641
CESSNA 172L,153,151,44,0.9869281045751634,0.6180233039961547
SCHWEIZER 269C,154,152,27,0.987012987012987,0.6182432951663721
CESSNA 150K,108,108,16,1.0,0.6182586644125105
MOONEY M20K,136,135,92,0.9926470588235294,0.618580627517279
MOONEY M20C,212,206,93,0.9716981132075472,0.6188599499194565
CESSNA 170,159,157,21,0.9874213836477987,0.6193336416848754
CESSNA 170A,141,140,32,0.9929078014184397,0.6195823816118415
BELLANCA 8GCBC,117,117,31,1.0,0.6197802197802198
CESSNA 206,216,210,98,0.9722222222222222,0.6198506621583544
BEECH 35,145,144,48,0.993103448275862,0.6203760165563879
TAYLORCRAFT BC12-D,122,122,27,1.0,0.620625528317836
BEECH 58,242,234,217,0.9669421487603306,0.6210782224768239
MOONEY M20E,150,149,76,0.9933333333333333,0.6213592561284869
CESSNA 172R,169,167,29,0.9881656804733728,0.6214708368554522
BEECH V35B,153,152,104,0.9934640522875817,0.6219448726236056
PIPER PA-20,130,130,13,1.0,0.621978021978022
PIPER PA-28-235,175,173,87,0.9885714285714285,0.6227286559594252
CESSNA 172G,136,136,33,1.0,0.6229923922231614
CESSNA 177B,159,158,68,0.9937106918238994,0.6231072265905357
CHAMPION 7ECA,139,139,31,1.0,0.6234995773457311
CESSNA T210M,186,184,100,0.989247311827957,0.6249938646960979
CESSNA 172H,173,172,44,0.9942196531791907,0.6257794673090359
AIR TRACTOR AT-301,153,153,15,1.0,0.6258664412510566
CESSNA T210L,174,173,96,0.9942528735632183,0.6259684612469758
BEECH C23,191,189,76,0.9895287958115183,0.626008063623851
ROBINSON R22,233,228,76,0.9785407725321889,0.6265158413722296
PIPER PA-28-151,177,176,54,0.9943502824858758,0.62653409172314
CESSNA 172RG,245,239,94,0.9755102040816327,0.6267262407921749
HUGHES 269C,183,182,30,0.994535519125683,0.6276596039521639
PIPER PA28,279,270,121,0.967741935483871,0.6278133776893082
BELLANCA 7GCBC,187,186,49,0.9946524064171123,0.6284059831571144
PIPER PA-30,218,215,117,0.9862385321100917,0.6285985715061226
LUSCOMBE 8A,208,206,36,0.9903846153846154,0.6293956043956044
CESSNA 210,260,254,110,0.9769230769230769,0.63010989010989
PIPER J3C-65,226,223,51,0.9867256637168141,0.630243344130342
CESSNA 185,279,272,67,0.974910394265233,0.6321144529581254
GRUMMAN G-164B,192,192,15,1.0,0.6324598478444632
AERONCA 7AC,271,265,48,0.977859778597786,0.6325315898974712
HUGHES 369D,226,224,58,0.9911504424778761,0.6328982113869792
PIPER PA-22,199,199,26,1.0,0.633643279797126
MOONEY M20J,287,280,160,0.975609756097561,0.6338865637177081
CESSNA 150H,245,242,45,0.9877551020408163,0.634073179567685
CESSNA 182A,202,202,43,1.0,0.6341504649196956
PIPER PA-32-260,230,229,176,0.9956521739130435,0.6362754970781727
CESSNA 172K,222,222,70,1.0,0.6375316990701606
CESSNA 150F,264,261,60,0.9886363636363636,0.6378141089679551
CESSNA 150J,226,226,53,1.0,0.6382079459002535
CESSNA 150G,242,241,47,0.9958677685950413,0.6384335943776502
CESSNA T210N,244,243,135,0.9959016393442623,0.6387920402422294
PIPER PA-25-235,257,256,38,0.9961089494163424,0.6411142284832797
CESSNA A185F,285,282,82,0.9894736842105263,0.6418667971704408
PIPER PA-23-250,311,306,250,0.9839228295819936,0.6429318887889256
CESSNA 182Q,266,266,123,1.0,0.6449704142011834
CESSNA 172S,371,361,78,0.9730458221024259,0.6465493867525797
PIPER PA-28R-200,334,329,191,0.9850299401197605,0.6474845743846204
PIPER PA-22-150,281,281,57,1.0,0.6475063398140322
CESSNA 177,296,295,97,0.9966216216216216,0.6480152383998538
PIPER PA-24-250,352,347,175,0.9857954545454546,0.6509869937754553
CESSNA 182P,355,350,134,0.9859154929577465,0.6515662019454002
PIPER PA-32-300,356,351,217,0.9859550561797753,0.6517590015861408
CESSNA A188B,318,317,41,0.9968553459119497,0.651874830539562
PIPER PA-12,324,323,75,0.9969135802469136,0.6529241413856798
GRUMMAN G-164A,365,364,18,0.9972602739726028,0.6600636876295465
BEECH A36,419,414,324,0.9880668257756563,0.6636769509176338
CESSNA 170B,389,388,60,0.9974293059125964,0.6642225877741006
CESSNA 140,401,399,46,0.9950124688279302,0.6648012260135797
PIPER PA-38-112,468,463,97,0.9893162393162394,0.6727106227106228
CESSNA 150L,460,457,126,0.9934782608695653,0.6738553419824324
BELL 206B,516,510,247,0.9883720930232558,0.6802590968959483
PIPER PA-28-181,529,524,380,0.9905482041587902,0.6837625657750712
PIPER PA-28-161,565,562,223,0.9946902654867257,0.6923340240426694
PIPER PA-18-150,571,569,107,0.9964973730297724,0.6944326588136369
PIPER PA-18,578,576,88,0.9965397923875432,0.6956415423809621
PIPER PA-28-180,572,571,265,0.9982517482517482,0.6956543456543456
CESSNA 150M,585,582,103,0.9948717948717949,0.6958241758241758
CESSNA 180,621,618,103,0.9951690821256038,0.702088769647298
CESSNA 182,659,654,218,0.992412746585736,0.7068593132092607
CESSNA 172P,689,684,238,0.9927431059506531,0.7121293800539084
CESSNA 172M,798,787,243,0.9862155388471178,0.7266405659118209
CESSNA 150,829,820,127,0.9891435464414958,0.7336382834016685
PIPER PA-28-140,932,925,321,0.9924892703862661,0.753059073643425
CESSNA 172N,1163,1152,428,0.9905417024935511,0.7909437873456657
CESSNA 172,1753,1728,398,0.9857387335995437,0.8878084134479765
CESSNA 152,2366,2344,390,0.9907016060862215,0.9944209636517329
